mw,fsp3,n_rings,clogp,n_aliphatic_carbocycles,n_aliphatic_heterocyles,n_aliphatic_rings,n_aromatic_carbocycles,n_aromatic_heterocyles,n_aromatic_rings,n_saturated_carbocycles
0.47309161028900376,0.025141820247530384,-0.5302475957101782,0.278339768872849,-0.513821951227229,-0.7680850617125764,-0.9418115480044651,0.5916856018723647,-0.6901109330189225,0.07736230898114435,-0.40013447245521694
0.1571999742959286,-0.040108605179508684,-0.5302475957101782,-0.3014470090097504,-0.513821951227229,-0.7680850617125764,-0.9418115480044651,0.5916856018723647,-0.6901109330189225,0.07736230898114435,-0.40013447245521694
-0.3214683559088668,-0.09810898333687652,0.11232659348377604,-0.09638430122940392,-0.513821951227229,1.8643826828353725,1.1106517134730527,-0.40470270604256986,-0.6901109330189225,-0.7585804186206653,-0.40013447245521694
0.5493735535875912,-0.3301104959663474,0.7549007826777303,0.09317029765120713,-0.513821951227229,0.5481488105613981,0.08442008273429383,-0.40470270604256986,2.0632547382052913,0.9133050365829539,-0.40013447245521694
0.9876627197439765,0.18481969060150302,1.3974749718716846,1.1136679280912045,-0.513821951227229,0.5481488105613981,0.08442008273429383,0.5916856018723647,2.0632547382052913,1.7492477641847635,-0.40013447245521694
0.4682353201678697,-0.3301104959663474,0.7549007826777303,0.01634772115714212,-0.513821951227229,0.5481488105613981,0.08442008273429383,-0.40470270604256986,2.0632547382052913,0.9133050365829539,-0.40013447245521694
0.3826084737512529,-0.6968225643161569,0.11232659348377604,0.45827359649158506,-0.513821951227229,-0.7680850617125764,-0.9418115480044651,0.5916856018723647,0.6865719025931845,0.9133050365829539,-0.40013447245521694
-0.6916194820445978,-1.683452652971596,0.7549007826777303,0.17069979648828076,-0.513821951227229,0.5481488105613981,0.08442008273429383,0.5916856018723647,0.6865719025931845,0.9133050365829539,-0.40013447245521694
0.37328882408095837,-0.14966487503231457,0.11232659348377604,-0.09627384461330846,-0.513821951227229,0.5481488105613981,0.08442008273429383,-0.40470270604256986,0.6865719025931845,0.07736230898114435,-0.40013447245521694
0.46374670717097444,-0.6968225643161569,0.11232659348377604,0.53509617298565,-0.513821951227229,-0.7680850617125764,-0.9418115480044651,0.5916856018723647,0.6865719025931845,0.9133050365829539,-0.40013447245521694
0.544884940590696,-0.6968225643161569,0.11232659348377604,0.611918749479715,-0.513821951227229,-0.7680850617125764,-0.9418115480044651,0.5916856018723647,0.6865719025931845,0.9133050365829539,-0.40013447245521694
-0.02350690436849765,-0.5331118195171345,-0.5302475957101782,-0.5268889624596245,-0.513821951227229,-0.7680850617125764,-0.9418115480044651,-0.40470270604256986,0.6865719025931845,0.07736230898114435,-0.40013447245521694
-0.12325440812563511,-0.09810898333687652,0.11232659348377604,-0.03613021714958719,-0.513821951227229,1.8643826828353725,1.1106517134730527,-0.40470270604256986,-0.6901109330189225,-0.7585804186206653,-0.40013447245521694
0.766692170288562,0.4818947982368017,0.11232659348377604,1.1765729709573025,-0.513821951227229,-0.7680850617125764,-0.9418115480044651,0.5916856018723647,0.6865719025931845,0.9133050365829539,-0.40013447245521694
0.7754203106689302,1.3954007542153444,0.7549007826777303,-0.5765392113943205,2.5612048030403414,0.5481488105613981,2.1368833442118116,-1.4010910139575046,0.6865719025931845,-0.7585804186206653,3.8066847109253072
-0.5421189577985496,0.3658940419220657,0.11232659348377604,0.6774305684856541,-0.513821951227229,0.5481488105613981,0.08442008273429383,-0.40470270604256986,0.6865719025931845,0.07736230898114435,-0.40013447245521694
-0.03243346736530179,-0.3950709195025992,-0.5302475957101782,-0.5304788024827113,-0.513821951227229,-0.7680850617125764,-0.9418115480044651,-0.40470270604256986,0.6865719025931845,0.07736230898114435,-0.40013447245521694
-0.48833769920061504,-0.0594420645652976,0.11232659348377604,1.2479610819394933,-0.513821951227229,-0.7680850617125764,-0.9418115480044651,-0.40470270604256986,2.0632547382052913,0.9133050365829539,-0.40013447245521694
0.6854456541556772,1.4415374186587053,0.11232659348377604,-0.3606517552366635,1.0236914259065562,0.5481488105613981,1.1106517134730527,-1.4010910139575046,0.6865719025931845,-0.7585804186206653,1.703275119235045
0.8477221209951208,1.4415374186587053,0.11232659348377604,-0.22523194390420778,1.0236914259065562,0.5481488105613981,1.1106517134730527,-1.4010910139575046,0.6865719025931845,-0.7585804186206653,1.703275119235045
0.7845109737747104,1.3954007542153444,0.11232659348377604,-0.44067757359748383,1.0236914259065562,0.5481488105613981,1.1106517134730527,-1.4010910139575046,0.6865719025931845,-0.7585804186206653,1.703275119235045
0.9651387378346076,0.8665288849646092,0.7549007826777303,0.3864767960298441,1.0236914259065562,0.5481488105613981,1.1106517134730527,-0.40470270604256986,0.6865719025931845,0.07736230898114435,1.703275119235045
0.22024702140736285,-0.040108605179508684,0.11232659348377604,-0.44261056437914725,-0.513821951227229,0.5481488105613981,0.08442008273429383,-0.40470270604256986,0.6865719025931845,0.07736230898114435,-0.40013447245521694
0.6763549910498976,1.4415374186587053,0.7549007826777303,-0.4965133930335002,2.5612048030403414,0.5481488105613981,2.1368833442118116,-1.4010910139575046,0.6865719025931845,-0.7585804186206653,3.8066847109253072
1.0642040574536402,0.8110861337245646,0.7549007826777303,0.3064509776690235,1.0236914259065562,0.5481488105613981,1.1106517134730527,-0.40470270604256986,0.6865719025931845,0.07736230898114435,1.703275119235045
0.7486568013760881,1.4849601616642212,0.11232659348377604,-0.14520612554338672,1.0236914259065562,0.5481488105613981,1.1106517134730527,-1.4010910139575046,0.6865719025931845,-0.7585804186206653,1.703275119235045
0.4999401050862927,-0.47774782218510187,0.7549007826777303,0.6022537955714035,-0.513821951227229,0.5481488105613981,0.08442008273429383,0.5916856018723647,0.6865719025931845,0.9133050365829539,-0.40013447245521694
0.35971991297103817,-0.6910017378344139,0.11232659348377604,-0.013928437314494595,-0.513821951227229,-0.7680850617125764,-0.9418115480044651,-0.40470270604256986,2.0632547382052913,0.9133050365829539,-0.40013447245521694
0.2697654554131078,-0.5621120085958186,0.11232659348377604,-0.20445505441674128,-0.513821951227229,-0.7680850617125764,-0.9418115480044651,-0.40470270604256986,2.0632547382052913,0.9133050365829539,-0.40013447245521694
1.4252104999600104,-0.22184312340592763,1.3974749718716846,1.1629315788695713,-0.513821951227229,-0.7680850617125764,-0.9418115480044651,2.5844622177022343,0.6865719025931845,2.585190491786573,-0.40013447245521694
-0.48413986566081935,-1.258116546484232,0.11232659348377604,0.6000446632495045,1.0236914259065562,-0.7680850617125764,0.08442008273429383,0.5916856018723647,-0.6901109330189225,0.07736230898114435,-0.40013447245521694
-1.1881660323239513,-1.9541210843726453,-0.5302475957101782,0.18456210180820148,1.0236914259065562,-0.7680850617125764,0.08442008273429383,-0.40470270604256986,-0.6901109330189225,-0.7585804186206653,-0.40013447245521694
-0.8991818067773732,-0.9797147313288664,-0.5302475957101782,-0.03751092485077428,1.0236914259065562,-0.7680850617125764,0.08442008273429383,-0.40470270604256986,-0.6901109330189225,-0.7585804186206653,-0.40013447245521694
1.826130201649973,-0.3950709195025992,3.967771728647501,2.8483007185701372,5.636231557307911,1.8643826828353725,5.2155782364280885,-1.4010910139575046,3.4399375738173985,0.9133050365829539,-0.40013447245521694
0.4910186964883148,0.4033136407332712,0.11232659348377604,0.22328819141110506,-0.513821951227229,0.5481488105613981,0.08442008273429383,-0.40470270604256986,0.6865719025931845,0.07736230898114435,-0.40013447245521694
1.1545574163898742,0.30364973365562276,1.3974749718716846,0.4526955373787893,-0.513821951227229,1.8643826828353725,1.1106517134730527,1.5880739097872996,-0.6901109330189225,0.9133050365829539,-0.40013447245521694
1.0009929102332298,0.7525632296378515,0.7549007826777303,0.09100534797574684,1.0236914259065562,0.5481488105613981,1.1106517134730527,-0.40470270604256986,0.6865719025931845,0.07736230898114435,1.703275119235045
-0.7006218021193387,-0.5211705651906179,-0.5302475957101782,0.16274692012944145,1.0236914259065562,-0.7680850617125764,0.08442008273429383,-0.40470270604256986,-0.6901109330189225,-0.7585804186206653,-0.40013447245521694
0.7122091634485197,1.3462875307756375,0.7549007826777303,-0.7919848410875969,2.5612048030403414,0.5481488105613981,2.1368833442118116,-1.4010910139575046,0.6865719025931845,-0.7585804186206653,3.8066847109253072
-0.4926511867897919,-0.4039291590757245,0.11232659348377604,0.0900664667389382,-0.513821951227229,0.5481488105613981,0.08442008273429383,0.5916856018723647,-0.6901109330189225,0.07736230898114435,-0.40013447245521694
1.0913462691694642,0.23829320997585704,1.3974749718716846,0.23724990768551266,-0.513821951227229,1.8643826828353725,1.1106517134730527,1.5880739097872996,-0.6901109330189225,0.9133050365829539,-0.40013447245521694
-0.7638329493397489,-0.7361131430679217,-0.5302475957101782,-0.05181505663507541,1.0236914259065562,-0.7680850617125764,0.08442008273429383,-0.40470270604256986,-0.6901109330189225,-0.7585804186206653,-0.40013447245521694
-0.5875276420223388,0.3536834359941988,0.11232659348377604,-0.5379346240691232,1.0236914259065562,0.5481488105613981,1.1106517134730527,-0.40470270604256986,-0.6901109330189225,-0.7585804186206653,1.703275119235045
-0.5243164948019285,0.4818947982368017,0.11232659348377604,-0.4020729862722864,1.0236914259065562,0.5481488105613981,1.1106517134730527,-0.40470270604256986,-0.6901109330189225,-0.7585804186206653,1.703275119235045
0.40988046306859377,0.2461513257262097,0.11232659348377604,0.8601699941532033,1.0236914259065562,-0.7680850617125764,0.08442008273429383,-0.40470270604256986,0.6865719025931845,0.07736230898114435,1.703275119235045
0.21132045841055896,0.06189205985586226,0.11232659348377604,0.11585808659711841,1.0236914259065562,-0.7680850617125764,0.08442008273429383,-0.40470270604256986,0.6865719025931845,0.07736230898114435,1.703275119235045
-0.7184831807651676,-1.7105194961117005,0.7549007826777303,0.1367343870390715,-0.513821951227229,0.5481488105613981,0.08442008273429383,1.5880739097872996,-0.6901109330189225,0.9133050365829539,-0.40013447245521694
0.15719997429592913,-0.040108605179508684,-0.5302475957101782,0.03627409470067824,-0.513821951227229,-0.7680850617125764,-0.9418115480044651,-0.40470270604256986,0.6865719025931845,0.07736230898114435,-0.40013447245521694
0.4414656807019116,-0.03483584352883866,0.7549007826777303,2.0433812657627306,-0.513821951227229,-0.7680850617125764,-0.9418115480044651,0.5916856018723647,2.0632547382052913,1.7492477641847635,-0.40013447245521694
0.22016693102854404,0.655895932708905,2.040049161065639,0.012525922240255965,1.0236914259065562,3.180616555109347,3.1631149749505707,0.5916856018723647,-0.6901109330189225,0.07736230898114435,1.703275119235045
1.6781322403338625,1.2542900780885777,-0.5302475957101782,-1.8521474423673046,-0.513821951227229,0.5481488105613981,0.08442008273429383,-0.40470270604256986,-0.6901109330189225,-0.7585804186206653,-0.40013447245521694
0.13035147949864018,0.9330088505718843,-1.1728217849041325,-0.1719918549464232,-0.513821951227229,-0.7680850617125764,-0.9418115480044651,-0.40470270604256986,-0.6901109330189225,-0.7585804186206653,-0.40013447245521694
-0.8716405328912873,0.09726071150899389,0.7549007826777303,0.7430859810925151,2.5612048030403414,-0.7680850617125764,1.1106517134730527,-0.40470270604256986,0.6865719025931845,0.07736230898114435,1.703275119235045
-1.2780334482320033,-1.412784221570546,-0.5302475957101782,-0.9205011139141184,-0.513821951227229,0.5481488105613981,0.08442008273429383,-0.40470270604256986,-0.6901109330189225,-0.7585804186206653,-0.40013447245521694
-0.3573023293521673,-0.25950133994868246,0.11232659348377604,0.31938544741374614,-0.513821951227229,0.5481488105613981,0.08442008273429383,-0.40470270604256986,0.6865719025931845,0.07736230898114435,-0.40013447245521694
-0.5828567861065773,-0.5331118195171345,0.7549007826777303,1.5264995307462275,1.0236914259065562,-0.7680850617125764,0.08442008273429383,0.5916856018723647,0.6865719025931845,0.9133050365829539,-0.40013447245521694
0.5814165882484214,0.2730934368702773,0.7549007826777303,1.261978026521947,-0.513821951227229,0.5481488105613981,0.08442008273429383,0.5916856018723647,0.6865719025931845,0.9133050365829539,-0.40013447245521694
-0.34429544395523953,-1.1848529109170307,0.11232659348377604,0.3655010846334041,-0.513821951227229,-0.7680850617125764,-0.9418115480044651,-0.40470270604256986,2.0632547382052913,0.9133050365829539,-0.40013447245521694
-0.7993387225650967,0.23829320997585704,0.11232659348377604,1.1739772404790694,1.0236914259065562,-0.7680850617125764,0.08442008273429383,-0.40470270604256986,0.6865719025931845,0.07736230898114435,-0.40013447245521694
-1.1199965087760329,-1.9541210843726453,-0.5302475957101782,-0.0806442334358676,-0.513821951227229,-0.7680850617125764,-0.9418115480044651,-0.40470270604256986,0.6865719025931845,0.07736230898114435,-0.40013447245521694
-0.862549869785507,0.09726071150899389,0.11232659348377604,0.9585316107857927,1.0236914259065562,-0.7680850617125764,0.08442008273429383,-0.40470270604256986,0.6865719025931845,0.07736230898114435,-0.40013447245521694
-1.106417232673357,-1.204577735877431,-1.1728217849041325,-0.6434317381014475,-0.513821951227229,-0.7680850617125764,-0.9418115480044651,-0.40470270604256986,-0.6901109330189225,-0.7585804186206653,-0.40013447245521694
-1.074802587658207,-1.9541210843726453,-0.5302475957101782,0.14413498031743596,-0.513821951227229,-0.7680850617125764,-0.9418115480044651,0.5916856018723647,-0.6901109330189225,0.07736230898114435,-0.40013447245521694
-0.7497696255623649,-0.6720074619466206,0.11232659348377604,0.7261971644915916,-0.513821951227229,-0.7680850617125764,-0.9418115480044651,0.5916856018723647,0.6865719025931845,0.9133050365829539,-0.40013447245521694
0.6945809485665707,1.9749367908038817,-1.8153959740980867,-1.093310489794725,-0.513821951227229,-0.7680850617125764,-0.9418115480044651,-1.4010910139575046,-0.6901109330189225,-1.5945231462224747,-0.40013447245521694
0.10283529969350425,0.4818947982368017,1.3974749718716846,-0.20291970745302046,-0.513821951227229,3.180616555109347,2.1368833442118116,0.5916856018723647,-0.6901109330189225,0.07736230898114435,-0.40013447245521694
3.1892826086495525,-0.683156276054673,5.2529201070354095,1.8126926230483495,-0.513821951227229,0.5481488105613981,0.08442008273429383,4.577238833532103,4.816620409429506,6.764904129795621,-0.40013447245521694
0.37859401827139616,0.969097974758691,-1.1728217849041325,-0.30531299057307315,-0.513821951227229,-0.7680850617125764,-0.9418115480044651,-0.40470270604256986,-0.6901109330189225,-0.7585804186206653,-0.40013447245521694
0.7075616047414753,0.8298970671810082,-1.1728217849041325,-1.7429610773574042,-0.513821951227229,-0.7680850617125764,-0.9418115480044651,-0.40470270604256986,-0.6901109330189225,-0.7585804186206653,-0.40013447245521694
0.30629220794520556,0.9018975366177405,-0.5302475957101782,0.1840208643893369,-0.513821951227229,-0.7680850617125764,-0.9418115480044651,-0.40470270604256986,0.6865719025931845,0.07736230898114435,-0.40013447245521694
0.08947104596999085,1.5259016050694219,-1.8153959740980867,-1.5167459275948671,-0.513821951227229,-0.7680850617125764,-0.9418115480044651,-1.4010910139575046,-0.6901109330189225,-1.5945231462224747,-0.40013447245521694
0.030861948858465535,1.7579031176988926,-1.8153959740980867,-0.49463563055988646,-0.513821951227229,-0.7680850617125764,-0.9418115480044651,-1.4010910139575046,-0.6901109330189225,-1.5945231462224747,-0.40013447245521694
0.28342900051914,1.3677187555493275,-1.8153959740980867,-2.2202993438118996,-0.513821951227229,-0.7680850617125764,-0.9418115480044651,-1.4010910139575046,-0.6901109330189225,-1.5945231462224747,-0.40013447245521694
0.08947104596999085,1.5259016050694219,-1.8153959740980867,-1.5350817258666356,-0.513821951227229,-0.7680850617125764,-0.9418115480044651,-1.4010910139575046,-0.6901109330189225,-1.5945231462224747,-0.40013447245521694
0.2473438853169844,0.7742167041499356,-1.1728217849041325,-0.53335067450118,-0.513821951227229,-0.7680850617125764,-0.9418115480044651,-0.40470270604256986,-0.6901109330189225,-0.7585804186206653,-0.40013447245521694
-0.24951260245747905,-0.2489099665460325,-0.5302475957101782,0.09498178615516505,-0.513821951227229,0.5481488105613981,0.08442008273429383,-0.40470270604256986,-0.6901109330189225,-0.7585804186206653,-0.40013447245521694
0.5678882344159315,1.9099041087319948,0.7549007826777303,-0.5374375692966933,5.636231557307911,-0.7680850617125764,3.1631149749505707,-1.4010910139575046,-0.6901109330189225,-1.5945231462224747,8.013503894305831
-0.4746339606872074,-0.09810898333687652,0.11232659348377604,-0.45724606601173406,-0.513821951227229,1.8643826828353725,1.1106517134730527,-0.40470270604256986,-0.6901109330189225,-0.7585804186206653,-0.40013447245521694
-0.9889721642263274,-0.2345804613542123,0.11232659348377604,0.5276403513992389,1.0236914259065562,-0.7680850617125764,0.08442008273429383,-0.40470270604256986,0.6865719025931845,0.07736230898114435,-0.40013447245521694
1.3440086151322386,0.9947402472072115,-0.5302475957101782,-1.232320141150269,-0.513821951227229,0.5481488105613981,0.08442008273429383,-0.40470270604256986,-0.6901109330189225,-0.7585804186206653,-0.40013447245521694
0.021935385861661397,1.8106307342055907,-1.8153959740980867,-0.4793373892307298,-0.513821951227229,-0.7680850617125764,-0.9418115480044651,-1.4010910139575046,-0.6901109330189225,-1.5945231462224747,-0.40013447245521694
0.960104222627187,1.405900822674868,-1.1728217849041325,-2.3932744046166534,-0.513821951227229,0.5481488105613981,0.08442008273429383,-1.4010910139575046,-0.6901109330189225,-1.5945231462224747,-0.40013447245521694
2.792431165975966,0.35802958386682987,1.3974749718716846,0.950910104275242,1.0236914259065562,-0.7680850617125764,0.08442008273429383,2.5844622177022343,-0.6901109330189225,1.7492477641847635,1.703275119235045
2.7256645168694584,1.741903013379619,0.7549007826777303,0.6506337934210084,4.098718180174126,-0.7680850617125764,2.1368833442118116,-0.40470270604256986,-0.6901109330189225,-0.7585804186206653,5.91009430261557
-0.573766123000797,-0.5331118195171345,0.11232659348377604,1.7689518030747304,-0.513821951227229,-0.7680850617125764,-0.9418115480044651,0.5916856018723647,0.6865719025931845,0.9133050365829539,-0.40013447245521694
0.0665860843823719,-0.21410973965161195,1.3974749718716846,1.5453765664368617,2.5612048030403414,-0.7680850617125764,1.1106517134730527,0.5916856018723647,0.6865719025931845,0.9133050365829539,1.703275119235045
-0.8084293856708771,0.23829320997585704,0.7549007826777303,0.9585316107857923,2.5612048030403414,-0.7680850617125764,1.1106517134730527,-0.40470270604256986,0.6865719025931845,0.07736230898114435,1.703275119235045
-0.7361275753446865,0.3658940419220657,0.11232659348377604,1.3098388782759065,1.0236914259065562,-0.7680850617125764,0.08442008273429383,-0.40470270604256986,0.6865719025931845,0.07736230898114435,-0.40013447245521694
-0.6820070912300567,0.4818947982368017,0.7549007826777303,1.3894228701723461,2.5612048030403414,-0.7680850617125764,1.1106517134730527,-0.40470270604256986,0.6865719025931845,0.07736230898114435,1.703275119235045
-0.6187959440096464,0.5878085322632993,0.7549007826777303,1.6048684998656226,2.5612048030403414,-0.7680850617125764,1.1106517134730527,-0.40470270604256986,0.6865719025931845,0.07736230898114435,1.703275119235045
0.02642399885855687,1.7579031176988926,-1.8153959740980867,-0.7304605059226875,-0.513821951227229,-0.7680850617125764,-0.9418115480044651,-1.4010910139575046,-0.6901109330189225,-1.5945231462224747,-0.40013447245521694
-0.4024962504699933,-0.09810898333687652,0.11232659348377604,-0.47596846243983465,-0.513821951227229,1.8643826828353725,1.1106517134730527,-0.40470270604256986,-0.6901109330189225,-0.7585804186206653,-0.40013447245521694
-0.6729164281242763,0.4818947982368017,0.11232659348377604,1.6048684998656226,1.0236914259065562,-0.7680850617125764,0.08442008273429383,-0.40470270604256986,0.6865719025931845,0.07736230898114435,-0.40013447245521694
-0.25784196682062505,0.4818947982368017,-1.1728217849041325,-1.2187339773705879,-0.513821951227229,-0.7680850617125764,-0.9418115480044651,-0.40470270604256986,-0.6901109330189225,-0.7585804186206653,-0.40013447245521694
0.45073172848861054,0.969097974758691,-1.1728217849041325,-0.3740722340922049,-0.513821951227229,-0.7680850617125764,-0.9418115480044651,-0.40470270604256986,-0.6901109330189225,-0.7585804186206653,-0.40013447245521694
1.383759730445873,1.0698986319701165,-1.8153959740980867,-3.130848458590948,-0.513821951227229,-0.7680850617125764,-0.9418115480044651,-1.4010910139575046,-0.6901109330189225,-1.5945231462224747,-0.40013447245521694
-0.36739484849007764,-1.9541210843726453,0.11232659348377604,1.3628028256934523,-0.513821951227229,0.5481488105613981,0.08442008273429383,0.5916856018723647,-0.6901109330189225,0.07736230898114435,-0.40013447245521694
-1.3454677823463588,-0.12710917241556005,-0.5302475957101782,-1.4446950769161089,-0.513821951227229,-0.7680850617125764,-0.9418115480044651,-1.4010910139575046,2.0632547382052913,0.07736230898114435,-0.40013447245521694
-0.10946808117618291,-1.1421157901694965,0.7549007826777303,1.136764406516667,-0.513821951227229,-0.7680850617125764,-0.9418115480044651,1.5880739097872996,0.6865719025931845,1.7492477641847635,-0.40013447245521694
-0.6643037810013298,-0.6720074619466206,0.11232659348377604,0.726130890521935,-0.513821951227229,0.5481488105613981,0.08442008273429383,0.5916856018723647,-0.6901109330189225,0.07736230898114435,-0.40013447245521694
-0.1863014552370688,-0.09810898333687652,-0.5302475957101782,0.26531693383524835,-0.513821951227229,0.5481488105613981,0.08442008273429383,-0.40470270604256986,-0.6901109330189225,-0.7585804186206653,-0.40013447245521694
-0.14127163422821937,-0.4039291590757245,0.11232659348377604,0.5111823156010847,-0.513821951227229,0.5481488105613981,0.08442008273429383,0.5916856018723647,-0.6901109330189225,0.07736230898114435,-0.40013447245521694
-0.4294400395693817,-0.25950133994868246,0.11232659348377604,0.26040161441902077,-0.513821951227229,0.5481488105613981,0.08442008273429383,0.5916856018723647,-0.6901109330189225,0.07736230898114435,-0.40013447245521694
-0.42495142657248625,-0.4039291590757245,0.11232659348377604,1.4336717905799983,-0.513821951227229,-0.7680850617125764,-0.9418115480044651,0.5916856018723647,0.6865719025931845,0.9133050365829539,-0.40013447245521694
-0.7361275753446865,0.3658940419220657,0.11232659348377604,1.3894228701723461,1.0236914259065562,-0.7680850617125764,0.08442008273429383,-0.40470270604256986,0.6865719025931845,0.07736230898114435,-0.40013447245521694
0.2876225007580547,0.2112263668357519,2.040049161065639,0.4126550140443546,-0.513821951227229,3.180616555109347,2.1368833442118116,0.5916856018723647,0.6865719025931845,0.9133050365829539,-0.40013447245521694
-0.9075796907943564,1.5645685238410003,0.7549007826777303,0.8214549502119108,4.098718180174126,-0.7680850617125764,2.1368833442118116,-1.4010910139575046,0.6865719025931845,-0.7585804186206653,3.8066847109253072
-0.4473113083728797,0.4818947982368017,-1.1728217849041325,-1.3167089958468436,-0.513821951227229,-0.7680850617125764,-0.9418115480044651,-0.40470270604256986,-0.6901109330189225,-0.7585804186206653,-0.40013447245521694
1.9942386394328995,1.4021674650003706,-0.5302475957101782,-1.8939000432512143,1.0236914259065562,-0.7680850617125764,0.08442008273429383,-0.40470270604256986,-0.6901109330189225,-0.7585804186206653,1.703275119235045
-0.6729164281242763,0.4818947982368017,0.11232659348377604,1.525284507969183,1.0236914259065562,-0.7680850617125764,0.08442008273429383,-0.40470270604256986,0.6865719025931845,0.07736230898114435,-0.40013447245521694
0.37859401827139616,0.969097974758691,-1.1728217849041325,-0.30531299057307315,-0.513821951227229,-0.7680850617125764,-0.9418115480044651,-0.40470270604256986,-0.6901109330189225,-0.7585804186206653,-0.40013447245521694
0.24308106072479507,0.8298970671810082,-0.5302475957101782,0.013685716709254081,-0.513821951227229,-0.7680850617125764,-0.9418115480044651,-0.40470270604256986,0.6865719025931845,0.07736230898114435,-0.40013447245521694
-0.8174693857796707,-0.6720074619466206,0.11232659348377604,0.4861086637475232,-0.513821951227229,0.5481488105613981,0.08442008273429383,0.5916856018723647,-0.6901109330189225,0.07736230898114435,-0.40013447245521694
-0.3752688924577648,-0.25950133994868246,0.7549007826777303,0.7086897908405358,-0.513821951227229,0.5481488105613981,0.08442008273429383,0.5916856018723647,0.6865719025931845,0.9133050365829539,-0.40013447245521694
-0.16837436903775724,-0.2489099665460325,-0.5302475957101782,0.17180436264923005,-0.513821951227229,0.5481488105613981,0.08442008273429383,-0.40470270604256986,-0.6901109330189225,-0.7585804186206653,-0.40013447245521694
0.8928369275084165,0.5477330653343542,0.7549007826777303,0.04731975631017938,1.0236914259065562,0.5481488105613981,1.1106517134730527,-0.40470270604256986,0.6865719025931845,0.07736230898114435,-0.40013447245521694
-0.7047398045535155,-0.7361131430679217,0.11232659348377604,0.2944001608530592,-0.513821951227229,0.5481488105613981,0.08442008273429383,0.5916856018723647,-0.6901109330189225,0.07736230898114435,-0.40013447245521694
-0.8806805330000809,-0.8714473587684467,0.11232659348377604,0.5246138401182363,-0.513821951227229,0.5481488105613981,0.08442008273429383,0.5916856018723647,-0.6901109330189225,0.07736230898114435,-0.40013447245521694
-0.36664820824448563,-0.4925115548069771,0.11232659348377604,1.2554942231571713,-0.513821951227229,0.5481488105613981,0.08442008273429383,0.5916856018723647,-0.6901109330189225,0.07736230898114435,-0.40013447245521694
1.5062383945211368,-0.22184312340592763,1.3974749718716846,1.7344893388530922,-0.513821951227229,-0.7680850617125764,-0.9418115480044651,2.5844622177022343,0.6865719025931845,2.585190491786573,-0.40013447245521694
-0.7408430625655609,-0.6007789273673969,0.11232659348377604,-0.3650147915724179,-0.513821951227229,0.5481488105613981,0.08442008273429383,-0.40470270604256986,0.6865719025931845,0.07736230898114435,-0.40013447245521694
-0.6821205283420461,-0.4925115548069771,0.11232659348377604,0.3700187602316893,-0.513821951227229,0.5481488105613981,0.08442008273429383,0.5916856018723647,-0.6901109330189225,0.07736230898114435,-0.40013447245521694
-0.8627534468007693,-1.0943507728634287,0.11232659348377604,0.43110126893221823,-0.513821951227229,0.5481488105613981,0.08442008273429383,0.5916856018723647,-0.6901109330189225,0.07736230898114435,-0.40013447245521694
0.9830658240339192,0.8110861337245646,0.7549007826777303,0.1423124461518702,1.0236914259065562,0.5481488105613981,1.1106517134730527,-0.40470270604256986,0.6865719025931845,0.07736230898114435,1.703275119235045
-0.40254088177510594,-1.3186386802136596,0.7549007826777303,1.047239319171678,-0.513821951227229,-0.7680850617125764,-0.9418115480044651,0.5916856018723647,2.0632547382052913,1.7492477641847635,-0.40013447245521694
-0.014398098452828046,-0.6101123215536404,0.7549007826777303,0.6566536789981868,-0.513821951227229,0.5481488105613981,0.08442008273429383,1.5880739097872996,-0.6901109330189225,0.9133050365829539,-0.40013447245521694
1.1094323010789255,-0.2545751197614032,0.7549007826777303,1.226499361432237,-0.513821951227229,-0.7680850617125764,-0.9418115480044651,2.5844622177022343,-0.6901109330189225,1.7492477641847635,-0.40013447245521694
-0.8176334858886469,-1.1421157901694965,0.11232659348377604,-0.1594881660044709,-0.513821951227229,0.5481488105613981,0.08442008273429383,0.5916856018723647,-0.6901109330189225,0.07736230898114435,-0.40013447245521694
-0.34429544395523953,-1.1848529109170307,0.11232659348377604,0.3655010846334041,-0.513821951227229,-0.7680850617125764,-0.9418115480044651,-0.40470270604256986,2.0632547382052913,0.9133050365829539,-0.40013447245521694
1.3848092175552693,1.7640084206628266,-1.1728217849041325,-0.4576326641680612,1.0236914259065562,-0.7680850617125764,0.08442008273429383,-1.4010910139575046,-0.6901109330189225,-1.5945231462224747,1.703275119235045
1.4025822531700582,1.6999027395415252,-1.1728217849041325,-0.9144812283369368,1.0236914259065562,-0.7680850617125764,0.08442008273429383,-1.4010910139575046,-0.6901109330189225,-1.5945231462224747,1.703275119235045
1.4524824892773518,0.5360284845170115,1.3974749718716846,1.0714735007429204,1.0236914259065562,-0.7680850617125764,0.08442008273429383,0.5916856018723647,2.0632547382052913,1.7492477641847635,1.703275119235045
0.20655848681723585,1.1462627662211962,-1.1728217849041325,-0.7249376751179395,-0.513821951227229,-0.7680850617125764,-0.9418115480044651,-1.4010910139575046,0.6865719025931845,-0.7585804186206653,-0.40013447245521694
-0.6733580654542187,-1.1421157901694965,0.11232659348377604,-0.4906591923804678,-0.513821951227229,0.5481488105613981,0.08442008273429383,0.5916856018723647,-0.6901109330189225,0.07736230898114435,-0.40013447245521694
-0.47948020128388735,-1.1848529109170307,0.11232659348377604,0.28133314316902175,-0.513821951227229,-0.7680850617125764,-0.9418115480044651,-0.40470270604256986,2.0632547382052913,0.9133050365829539,-0.40013447245521694
0.3284585622547908,0.39789425056061395,2.040049161065639,1.1329426075997808,-0.513821951227229,3.180616555109347,2.1368833442118116,-0.40470270604256986,2.0632547382052913,0.9133050365829539,-0.40013447245521694
0.3239699492578956,0.3194937393961719,2.040049161065639,1.4670738712871236,-0.513821951227229,3.180616555109347,2.1368833442118116,0.5916856018723647,0.6865719025931845,0.9133050365829539,-0.40013447245521694
-0.9440557803294674,-1.6496190990464643,0.11232659348377604,-0.5001584613646369,-0.513821951227229,0.5481488105613981,0.08442008273429383,0.5916856018723647,-0.6901109330189225,0.07736230898114435,-0.40013447245521694
0.17520617509977054,0.7742167041499356,-1.1728217849041325,-0.4247718208798054,-0.513821951227229,-0.7680850617125764,-0.9418115480044651,-0.40470270604256986,-0.6901109330189225,-0.7585804186206653,-0.40013447245521694
-0.7453316755624563,-0.6720074619466206,0.11232659348377604,0.327492963035118,-0.513821951227229,0.5481488105613981,0.08442008273429383,0.5916856018723647,-0.6901109330189225,0.07736230898114435,-0.40013447245521694
0.6339592880758094,-1.9541210843726453,1.3974749718716846,3.798702580436247,-0.513821951227229,-0.7680850617125764,-0.9418115480044651,3.580850525617169,-0.6901109330189225,2.585190491786573,-0.40013447245521694
0.9874479566380132,-0.2905004816149743,1.3974749718716846,0.8542053368840749,1.0236914259065562,-0.7680850617125764,0.08442008273429383,2.5844622177022343,-0.6901109330189225,1.7492477641847635,-0.40013447245521694
-0.736485202944471,-0.8714473587684467,0.11232659348377604,0.7661714138563683,-0.513821951227229,0.5481488105613981,0.08442008273429383,0.5916856018723647,-0.6901109330189225,0.07736230898114435,-0.40013447245521694
0.4189711261743739,0.2461513257262097,-0.5302475957101782,0.4654532765377593,-0.513821951227229,-0.7680850617125764,-0.9418115480044651,0.5916856018723647,-0.6901109330189225,0.07736230898114435,-0.40013447245521694
0.229337684513143,-0.040108605179508684,-0.5302475957101782,-0.1799999596133099,-0.513821951227229,-0.7680850617125764,-0.9418115480044651,0.5916856018723647,-0.6901109330189225,0.07736230898114435,-0.40013447245521694
1.0405778084069108,-0.8405138237511841,2.682623350259593,-0.11035706316541938,-0.513821951227229,3.180616555109347,2.1368833442118116,2.5844622177022343,-0.6901109330189225,1.7492477641847635,-0.40013447245521694
-0.9438916802204911,-1.0943507728634287,0.11232659348377604,0.35427869243815274,-0.513821951227229,0.5481488105613981,0.08442008273429383,0.5916856018723647,-0.6901109330189225,0.07736230898114435,-0.40013447245521694
1.249123814214359,-0.7101980804869703,1.3974749718716846,2.3232231026393864,-0.513821951227229,-0.7680850617125764,-0.9418115480044651,3.580850525617169,-0.6901109330189225,2.585190491786573,-0.40013447245521694
-0.8628901811214752,-1.204577735877431,0.11232659348377604,-0.7450739162320568,-0.513821951227229,-0.7680850617125764,-0.9418115480044651,-0.40470270604256986,2.0632547382052913,0.9133050365829539,-0.40013447245521694
0.6987223297960937,0.5557134613461788,-0.5302475957101782,1.0821877925041343,-0.513821951227229,-0.7680850617125764,-0.9418115480044651,0.5916856018723647,-0.6901109330189225,0.07736230898114435,-0.40013447245521694
1.5516327944008308,-0.08823657854413272,1.3974749718716846,1.189109796884085,-0.513821951227229,-0.7680850617125764,-0.9418115480044651,2.5844622177022343,0.6865719025931845,2.585190491786573,-0.40013447245521694
-1.0343301854531295,-0.9101142775400256,-0.5302475957101782,-0.33584319926173095,1.0236914259065562,-0.7680850617125764,0.08442008273429383,-0.40470270604256986,-0.6901109330189225,-0.7585804186206653,-0.40013447245521694
0.3417866965986116,0.22989315520823825,2.040049161065639,1.8231860015773698,-0.513821951227229,3.180616555109347,2.1368833442118116,0.5916856018723647,0.6865719025931845,0.9133050365829539,-0.40013447245521694
-0.04127576135874882,1.7579031176988926,-1.8153959740980867,-0.6947830189240061,-0.513821951227229,-0.7680850617125764,-0.9418115480044651,-1.4010910139575046,-0.6901109330189225,-1.5945231462224747,-0.40013447245521694
-0.5203162627806235,-1.0943507728634287,0.11232659348377604,0.4501660808702137,-0.513821951227229,-0.7680850617125764,-0.9418115480044651,-1.4010910139575046,3.4399375738173985,0.9133050365829539,-0.40013447245521694
0.5408704851108398,0.969097974758691,-1.1728217849041325,-0.2642783576937845,-0.513821951227229,-0.7680850617125764,-0.9418115480044651,-0.40470270604256986,-0.6901109330189225,-0.7585804186206653,-0.40013447245521694
2.7520713743368046,0.8805155790274383,1.3974749718716846,0.11828813215121575,-0.513821951227229,0.5481488105613981,0.08442008273429383,-0.40470270604256986,3.4399375738173985,1.7492477641847635,-0.40013447245521694
-0.027521359848353872,1.646945872528276,-1.8153959740980867,-1.4824491482973734,-0.513821951227229,-0.7680850617125764,-0.9418115480044651,-1.4010910139575046,-0.6901109330189225,-1.5945231462224747,-0.40013447245521694
0.5139428757090205,1.0319629007615156,-1.1728217849041325,-0.6059758995836326,-0.513821951227229,-0.7680850617125764,-0.9418115480044651,-0.40470270604256986,-0.6901109330189225,-0.7585804186206653,-0.40013447245521694
0.44180516549180665,1.0319629007615156,-1.1728217849041325,-0.08986736087979783,-0.513821951227229,-0.7680850617125764,-0.9418115480044651,-0.40470270604256986,-0.6901109330189225,-0.7585804186206653,-0.40013447245521694
-0.03678714836185335,1.6999027395415252,-1.8153959740980867,-1.514647251889062,-0.513821951227229,-0.7680850617125764,-0.9418115480044651,-1.4010910139575046,-0.6901109330189225,-1.5945231462224747,-0.40013447245521694
0.8162106042943068,0.4818947982368017,1.3974749718716846,0.37101286977654485,1.0236914259065562,0.5481488105613981,1.1106517134730527,0.5916856018723647,0.6865719025931845,0.9133050365829539,1.703275119235045
0.4958122124944468,0.8066969159180613,-0.5302475957101782,-0.6834612157742687,-0.513821951227229,-0.7680850617125764,-0.9418115480044651,-0.40470270604256986,0.6865719025931845,0.07736230898114435,-0.40013447245521694
0.5137787756000447,0.969097974758691,-0.5302475957101782,-0.76497819845237,-0.513821951227229,0.5481488105613981,0.08442008273429383,-0.40470270604256986,-0.6901109330189225,-0.7585804186206653,-0.40013447245521694
0.31513868056319116,0.8298970671810082,-0.5302475957101782,0.27243033991176663,-0.513821951227229,-0.7680850617125764,-0.9418115480044651,-0.40470270604256986,0.6865719025931845,0.07736230898114435,-0.40013447245521694
0.5229027854389957,1.6999027395415252,0.7549007826777303,0.7021065765212745,1.0236914259065562,1.8643826828353725,2.1368833442118116,-0.40470270604256986,-0.6901109330189225,-0.7585804186206653,1.703275119235045
2.792431165975966,0.35802958386682987,1.3974749718716846,0.950910104275245,1.0236914259065562,-0.7680850617125764,0.08442008273429383,2.5844622177022343,-0.6901109330189225,1.7492477641847635,1.703275119235045
0.7801073462822621,0.4818947982368017,0.11232659348377604,0.1381703230483077,-0.513821951227229,-0.7680850617125764,-0.9418115480044651,0.5916856018723647,0.6865719025931845,0.9133050365829539,-0.40013447245521694
0.7756187332853658,0.4160565311392492,0.11232659348377604,0.4723015867356503,-0.513821951227229,-0.7680850617125764,-0.9418115480044651,0.5916856018723647,0.6865719025931845,0.9133050365829539,-0.40013447245521694
-1.155834340685128,0.7033507875649331,-0.5302475957101782,-0.873534960750529,-0.513821951227229,-0.7680850617125764,-0.9418115480044651,-1.4010910139575046,2.0632547382052913,0.07736230898114435,-0.40013447245521694
-1.155834340685128,0.7033507875649331,-0.5302475957101782,-0.8984429276799492,-0.513821951227229,-0.7680850617125764,-0.9418115480044651,-1.4010910139575046,2.0632547382052913,0.07736230898114435,-0.40013447245521694
0.8247908242632686,0.6442958570774314,0.11232659348377604,-2.033682890919416,-0.513821951227229,0.5481488105613981,0.08442008273429383,-0.40470270604256986,0.6865719025931845,0.07736230898114435,-0.40013447245521694
-1.4086789295667688,-0.5621120085958186,-0.5302475957101782,-1.6150302245961918,-0.513821951227229,-0.7680850617125764,-0.9418115480044651,-1.4010910139575046,2.0632547382052913,0.07736230898114435,-0.40013447245521694
0.6219063067173147,0.6442958570774314,0.11232659348377604,-1.9829833041318157,-0.513821951227229,0.5481488105613981,0.08442008273429383,-0.40470270604256986,0.6865719025931845,0.07736230898114435,-0.40013447245521694
-0.9304258412298044,-0.9101142775400256,0.11232659348377604,-0.6896246949523719,-0.513821951227229,-0.7680850617125764,-0.9418115480044651,-0.40470270604256986,2.0632547382052913,0.9133050365829539,-0.40013447245521694
-1.0025635514470188,-0.9101142775400256,0.11232659348377604,-0.5240391817643736,-0.513821951227229,-0.7680850617125764,-0.9418115480044651,-0.40470270604256986,2.0632547382052913,0.9133050365829539,-0.40013447245521694
-1.0657746986674292,-1.204577735877431,0.11232659348377604,-0.6943743294444567,-0.513821951227229,-0.7680850617125764,-0.9418115480044651,-0.40470270604256986,2.0632547382052913,0.9133050365829539,-0.40013447245521694
1.3215980703348593,1.7328218730903016,-1.1728217849041325,-0.673078293861337,1.0236914259065562,-0.7680850617125764,0.08442008273429383,-1.4010910139575046,-0.6901109330189225,-1.5945231462224747,1.703275119235045
1.2583869231144489,1.6999027395415252,-1.1728217849041325,-0.8885239235546141,1.0236914259065562,-0.7680850617125764,0.08442008273429383,-1.4010910139575046,-0.6901109330189225,-1.5945231462224747,1.703275119235045
0.8749331385178216,0.7254963864977466,2.040049161065639,1.012268754516005,1.0236914259065562,1.8643826828353725,2.1368833442118116,0.5916856018723647,0.6865719025931845,0.9133050365829539,1.703275119235045
-0.7452182384504669,0.3658940419220657,0.7549007826777303,1.173977240479069,2.5612048030403414,-0.7680850617125764,1.1106517134730527,-0.40470270604256986,0.6865719025931845,0.07736230898114435,1.703275119235045
1.3803447790601375,0.5360284845170115,1.3974749718716846,1.6398832471677351,1.0236914259065562,-0.7680850617125764,0.08442008273429383,0.5916856018723647,2.0632547382052913,1.7492477641847635,1.703275119235045
-0.659659320547679,-1.2233163195898111,0.7549007826777303,0.14134042793023208,-0.513821951227229,-0.7680850617125764,-0.9418115480044651,0.5916856018723647,2.0632547382052913,1.7492477641847635,-0.40013447245521694
0.9464592403962014,0.6442958570774314,0.11232659348377604,-1.6756929981555557,-0.513821951227229,0.5481488105613981,0.08442008273429383,-0.40470270604256986,0.6865719025931845,0.07736230898114435,-0.40013447245521694
-0.8719180701122533,-1.6496190990464643,0.11232659348377604,-0.662750600256461,-0.513821951227229,0.5481488105613981,0.08442008273429383,0.5916856018723647,-0.6901109330189225,0.07736230898114435,-0.40013447245521694
-1.201373778284723,-0.9797147313288664,-0.5302475957101782,-1.014831064059239,-0.513821951227229,0.5481488105613981,0.08442008273429383,-0.40470270604256986,-0.6901109330189225,-0.7585804186206653,-0.40013447245521694
-0.7997803598950392,-1.6496190990464643,0.11232659348377604,-0.8253427391482853,-0.513821951227229,0.5481488105613981,0.08442008273429383,0.5916856018723647,-0.6901109330189225,0.07736230898114435,-0.40013447245521694
-0.5831343233275433,-1.490118059113703,0.7549007826777303,0.14148402153115602,-0.513821951227229,0.5481488105613981,0.08442008273429383,1.5880739097872996,-0.6901109330189225,0.9133050365829539,-0.40013447245521694
1.3393711059496483,1.6651025126471046,-1.1728217849041325,-1.1537302587986835,1.0236914259065562,-0.7680850617125764,0.08442008273429383,-1.4010910139575046,-0.6901109330189225,-1.5945231462224747,1.703275119235045
-1.2914486242257026,-1.0682971270601191,-0.5302475957101782,-0.7579089750222944,-0.513821951227229,0.5481488105613981,0.08442008273429383,-0.40470270604256986,-0.6901109330189225,-0.7585804186206653,-0.40013447245521694
-0.808706922891843,-1.3809408766998343,0.11232659348377604,-0.49540882687255244,-0.513821951227229,0.5481488105613981,0.08442008273429383,0.5916856018723647,-0.6901109330189225,0.07736230898114435,-0.40013447245521694
-1.2825220612288988,-1.466917907850756,-0.5302475957101782,-1.0364805608138572,-0.513821951227229,0.5481488105613981,0.08442008273429383,-0.40470270604256986,-0.6901109330189225,-0.7585804186206653,-0.40013447245521694
-0.6463454705479535,-1.7105194961117005,0.7549007826777303,-0.0258577518527531,-0.513821951227229,0.5481488105613981,0.08442008273429383,1.5880739097872996,-0.6901109330189225,0.9133050365829539,-0.40013447245521694
-0.8808446331090571,-1.3809408766998343,0.11232659348377604,-0.329823313684554,-0.513821951227229,0.5481488105613981,0.08442008273429383,0.5916856018723647,-0.6901109330189225,0.07736230898114435,-0.40013447245521694
-0.8176334858886469,-1.1421157901694965,0.11232659348377604,-0.2612408007511752,-0.513821951227229,0.5481488105613981,0.08442008273429383,0.5916856018723647,-0.6901109330189225,0.07736230898114435,-0.40013447245521694
0.7025794563701624,0.3194937393961719,2.040049161065639,1.4602807893972818,-0.513821951227229,3.180616555109347,2.1368833442118116,0.5916856018723647,0.6865719025931845,0.9133050365829539,-0.40013447245521694
0.27910448763122153,1.6999027395415252,-1.8153959740980867,-0.9683288286832462,-0.513821951227229,-0.7680850617125764,-0.9418115480044651,-1.4010910139575046,-0.6901109330189225,-1.5945231462224747,-0.40013447245521694
0.09390899596989925,1.5259016050694219,-1.8153959740980867,-1.131749392195782,-0.513821951227229,-0.7680850617125764,-0.9418115480044651,-1.4010910139575046,-0.6901109330189225,-1.5945231462224747,-0.40013447245521694
0.24742299992151473,1.8587733405812719,-1.8153959740980867,-0.12847194820499683,-0.513821951227229,-0.7680850617125764,-0.9418115480044651,-1.4010910139575046,-0.6901109330189225,-1.5945231462224747,-0.40013447245521694
0.30629220794520556,0.9018975366177405,-0.5302475957101782,0.18402086438933643,-0.513821951227229,-0.7680850617125764,-0.9418115480044651,-0.40470270604256986,0.6865719025931845,0.07736230898114435,-0.40013447245521694
1.4657934003904691,1.7328218730903016,-1.1728217849041325,-0.6990355986436597,1.0236914259065562,-0.7680850617125764,0.08442008273429383,-1.4010910139575046,-0.6901109330189225,-1.5945231462224747,1.703275119235045
0.21589334041081104,1.646945872528276,-1.8153959740980867,-1.1837744583765222,-0.513821951227229,-0.7680850617125764,-0.9418115480044651,-1.4010910139575046,-0.6901109330189225,-1.5945231462224747,-0.40013447245521694
0.30629220794520556,0.9018975366177405,-0.5302475957101782,0.1840208643893369,-0.513821951227229,-0.7680850617125764,-0.9418115480044651,-0.40470270604256986,0.6865719025931845,0.07736230898114435,-0.40013447245521694
-0.2309092030199795,1.5645685238410003,-1.8153959740980867,-1.261535916107396,-0.513821951227229,-0.7680850617125764,-0.9418115480044651,-1.4010910139575046,-0.6901109330189225,-1.5945231462224747,-0.40013447245521694
-0.04111166124977232,2.0320867235337228,-1.8153959740980867,-0.21788657893389143,-0.513821951227229,-0.7680850617125764,-0.9418115480044651,-1.4010910139575046,-0.6901109330189225,-1.5945231462224747,-0.40013447245521694
-0.39401435672285245,-1.1848529109170307,0.11232659348377604,0.7770624362033339,-0.513821951227229,-0.7680850617125764,-0.9418115480044651,-0.40470270604256986,2.0632547382052913,0.9133050365829539,-0.40013447245521694
0.11131713255509984,-0.9101142775400256,2.040049161065639,0.10547516468418958,2.5612048030403414,1.8643826828353725,3.1631149749505707,0.5916856018723647,-0.6901109330189225,0.07736230898114435,-0.40013447245521694
1.289906273827499,0.3658940419220657,1.3974749718716846,0.24641780682139747,-0.513821951227229,1.8643826828353725,1.1106517134730527,1.5880739097872996,-0.6901109330189225,0.9133050365829539,-0.40013447245521694
0.8162106042943068,0.4818947982368017,1.3974749718716846,0.37101286977654485,1.0236914259065562,0.5481488105613981,1.1106517134730527,0.5916856018723647,0.6865719025931845,0.9133050365829539,1.703275119235045
1.5516327944008308,-0.08823657854413272,1.3974749718716846,1.1178100511947693,-0.513821951227229,-0.7680850617125764,-0.9418115480044651,2.5844622177022343,0.6865719025931845,2.585190491786573,-0.40013447245521694
-0.8448608439008757,-0.7361131430679217,-0.5302475957101782,-0.21450660648138517,1.0236914259065562,-0.7680850617125764,0.08442008273429383,-0.40470270604256986,-0.6901109330189225,-0.7585804186206653,-0.40013447245521694
1.2447811585165498,-0.18247316974759314,0.7549007826777303,1.2312489959243222,-0.513821951227229,-0.7680850617125764,-0.9418115480044651,2.5844622177022343,-0.6901109330189225,1.7492477641847635,-0.40013447245521694
1.1726434482993349,-0.18247316974759314,0.7549007826777303,1.441944991125513,-0.513821951227229,-0.7680850617125764,-0.9418115480044651,2.5844622177022343,-0.6901109330189225,1.7492477641847635,-0.40013447245521694
-1.2235847638994206,-0.3301104959663474,-0.5302475957101782,-0.05738207008626303,-0.513821951227229,-0.7680850617125764,-0.9418115480044651,-0.40470270604256986,0.6865719025931845,0.07736230898114435,-0.40013447245521694
0.2697593252399923,0.22989315520823825,2.040049161065639,1.5391468132891042,-0.513821951227229,3.180616555109347,2.1368833442118116,0.5916856018723647,0.6865719025931845,0.9133050365829539,-0.40013447245521694
0.559041502524747,0.3465605825362768,1.3974749718716846,0.2464730351294436,1.0236914259065562,0.5481488105613981,1.1106517134730527,0.5916856018723647,0.6865719025931845,0.9133050365829539,-0.40013447245521694
-0.511225599674843,-0.5211705651906179,0.11232659348377604,0.5738774908966017,-0.513821951227229,-0.7680850617125764,-0.9418115480044651,-1.4010910139575046,3.4399375738173985,0.9133050365829539,-0.40013447245521694
-0.826873045180123,-0.5621120085958186,-0.5302475957101782,-0.29839840640552956,-0.513821951227229,-0.7680850617125764,-0.9418115480044651,-1.4010910139575046,2.0632547382052913,0.07736230898114435,-0.40013447245521694
-0.5471799615011931,-1.1848529109170307,0.11232659348377604,0.4162006714210037,-0.513821951227229,-0.7680850617125764,-0.9418115480044651,-0.40470270604256986,2.0632547382052913,0.9133050365829539,-0.40013447245521694
0.3417866965986116,0.22989315520823825,2.040049161065639,1.8231860015773693,-0.513821951227229,3.180616555109347,2.1368833442118116,0.5916856018723647,0.6865719025931845,0.9133050365829539,-0.40013447245521694
-0.4118311040635687,-0.9797147313288664,0.11232659348377604,0.4209503059130889,-0.513821951227229,-0.7680850617125764,-0.9418115480044651,-0.40470270604256986,2.0632547382052913,0.9133050365829539,-0.40013447245521694
-0.4344503802750379,-1.2233163195898111,0.11232659348377604,0.3453317065344589,-0.513821951227229,-0.7680850617125764,-0.9418115480044651,-0.40470270604256986,2.0632547382052913,0.9133050365829539,-0.40013447245521694
-0.3486199568431585,-0.79411352122529,0.11232659348377604,0.6363959356063655,-0.513821951227229,-0.7680850617125764,-0.9418115480044651,-0.40470270604256986,2.0632547382052913,0.9133050365829539,-0.40013447245521694
-1.223799527005384,-1.1421157901694965,-0.5302475957101782,-0.447735751365955,1.0236914259065562,-0.7680850617125764,0.08442008273429383,-0.40470270604256986,-0.6901109330189225,-0.7585804186206653,-0.40013447245521694
0.20523620446957186,-1.9541210843726453,0.7549007826777303,3.2540962347799045,-0.513821951227229,-0.7680850617125764,-0.9418115480044651,2.5844622177022343,-0.6901109330189225,1.7492477641847635,-0.40013447245521694
1.1456815163900573,0.6601398628179809,0.7549007826777303,0.8332185798260286,1.0236914259065562,-0.7680850617125764,0.08442008273429383,-0.40470270604256986,2.0632547382052913,0.9133050365829539,1.703275119235045
-1.0703139746613115,-1.9541210843726453,-0.5302475957101782,-0.18999628336990715,-0.513821951227229,-0.7680850617125764,-0.9418115480044651,-0.40470270604256986,0.6865719025931845,0.07736230898114435,-0.40013447245521694
0.28362226873674956,0.1570926805555419,-0.5302475957101782,0.10298989082205223,-0.513821951227229,-0.7680850617125764,-0.9418115480044651,0.5916856018723647,-0.6901109330189225,0.07736230898114435,-0.40013447245521694
2.2330623148819235,0.9055497343427927,-0.5302475957101782,-2.3156786318099325,-0.513821951227229,-0.7680850617125764,-0.9418115480044651,-0.40470270604256986,0.6865719025931845,0.07736230898114435,-0.40013447245521694
6.821730691923167,0.7079168904376779,3.325197539453547,1.1523940176940985,-0.513821951227229,3.180616555109347,2.1368833442118116,3.580850525617169,-0.6901109330189225,2.585190491786573,-0.40013447245521694
2.4045984400617506,0.7742167041499356,0.11232659348377604,-1.0432736427036997,-0.513821951227229,-0.7680850617125764,-0.9418115480044651,0.5916856018723647,0.6865719025931845,0.9133050365829539,-0.40013447245521694
2.078974790531613,-0.14966487503231457,3.967771728647501,3.710083237343241,5.636231557307911,1.8643826828353725,5.2155782364280885,-1.4010910139575046,3.4399375738173985,0.9133050365829539,-0.40013447245521694
3.7263497600794477,0.35802958386682987,0.7549007826777303,-4.32643087120312,-0.513821951227229,0.5481488105613981,0.08442008273429383,1.5880739097872996,-0.6901109330189225,0.9133050365829539,-0.40013447245521694
2.233390515099875,1.1923994306645571,-0.5302475957101782,-1.3618857518297,-0.513821951227229,-0.7680850617125764,-0.9418115480044651,-0.40470270604256986,0.6865719025931845,0.07736230898114435,-0.40013447245521694
2.3415180462171454,0.7863967835629826,0.11232659348377604,-3.3501048415395105,-0.513821951227229,0.5481488105613981,0.08442008273429383,0.5916856018723647,-0.6901109330189225,0.07736230898114435,-0.40013447245521694
2.278438478918614,0.9330088505718843,2.040049161065639,0.4966572705845985,1.0236914259065562,1.8643826828353725,2.1368833442118116,0.5916856018723647,0.6865719025931845,0.9133050365829539,1.703275119235045
-0.014398098452828046,-0.6101123215536404,0.7549007826777303,0.6566536789981868,-0.513821951227229,0.5481488105613981,0.08442008273429383,1.5880739097872996,-0.6901109330189225,0.9133050365829539,-0.40013447245521694
1.907519736195335,0.42524326608309354,0.11232659348377604,-0.8197646800354862,1.0236914259065562,-0.7680850617125764,0.08442008273429383,0.5916856018723647,-0.6901109330189225,0.07736230898114435,1.703275119235045
-1.4223595316634188,-1.9541210843726453,-0.5302475957101782,-0.5043005844681989,1.0236914259065562,-0.7680850617125764,0.08442008273429383,-0.40470270604256986,-0.6901109330189225,-0.7585804186206653,-0.40013447245521694
-0.42054264468121016,1.2939000924399504,-1.8153959740980867,-1.8099530150190175,-0.513821951227229,-0.7680850617125764,-0.9418115480044651,-1.4010910139575046,-0.6901109330189225,-1.5945231462224747,-0.40013447245521694
-0.16769805579956926,1.6357970584202237,-1.8153959740980867,-1.100103571684569,-0.513821951227229,-0.7680850617125764,-0.9418115480044651,-1.4010910139575046,-0.6901109330189225,-1.5945231462224747,-0.40013447245521694
2.205808468374471,0.05200964248219331,1.3974749718716846,-0.2599153213580302,-0.513821951227229,-0.7680850617125764,-0.9418115480044651,1.5880739097872996,2.0632547382052913,2.585190491786573,-0.40013447245521694
0.030697848749489033,1.4563011512805801,-1.8153959740980867,-1.4012083071595092,-0.513821951227229,-0.7680850617125764,-0.9418115480044651,-1.4010910139575046,-0.6901109330189225,-1.5945231462224747,-0.40013447245521694
-0.42054264468121016,1.2939000924399504,-1.8153959740980867,-1.8099530150190175,-0.513821951227229,-0.7680850617125764,-0.9418115480044651,-1.4010910139575046,-0.6901109330189225,-1.5945231462224747,-0.40013447245521694
-0.47044020117509405,-0.7361131430679217,0.11232659348377604,-0.19353089508494692,-0.513821951227229,0.5481488105613981,0.08442008273429383,0.5916856018723647,-0.6901109330189225,0.07736230898114435,-0.40013447245521694
1.9942386394328995,1.4021674650003706,-0.5302475957101782,-1.8939000432512152,1.0236914259065562,-0.7680850617125764,0.08442008273429383,-0.40470270604256986,-0.6901109330189225,-0.7585804186206653,1.703275119235045
1.7778701400863703,2.124789230694336,-1.1728217849041325,-1.3951884215823354,1.0236914259065562,-0.7680850617125764,0.08442008273429383,-1.4010910139575046,-0.6901109330189225,-1.5945231462224747,1.703275119235045
-1.480917965777957,-1.412784221570546,-0.5302475957101782,-0.8698015271265183,-0.513821951227229,0.5481488105613981,0.08442008273429383,-0.40470270604256986,-0.6901109330189225,-0.7585804186206653,-0.40013447245521694
2.0664270126471007,1.5891747448774596,-0.5302475957101782,-1.8287306397551744,1.0236914259065562,-0.7680850617125764,0.08442008273429383,-1.4010910139575046,0.6865719025931845,-0.7585804186206653,1.703275119235045
0.003929185057819734,0.7742167041499356,-1.1728217849041325,-0.4518336918230785,-0.513821951227229,-0.7680850617125764,-0.9418115480044651,-0.40470270604256986,-0.6901109330189225,-0.7585804186206653,-0.40013447245521694
-0.6641033022394618,0.09726071150899389,0.11232659348377604,-0.04060371010143413,-0.513821951227229,1.8643826828353725,1.1106517134730527,-0.40470270604256986,-0.6901109330189225,-0.7585804186206653,-0.40013447245521694
-0.22223100913550894,-0.3301104959663474,0.7549007826777303,0.46655784269871003,-0.513821951227229,1.8643826828353725,1.1106517134730527,0.5916856018723647,-0.6901109330189225,0.07736230898114435,-0.40013447245521694
-0.48383060395917404,0.6251898501550045,0.11232659348377604,0.12408710449619505,-0.513821951227229,1.8643826828353725,1.1106517134730527,-0.40470270604256986,-0.6901109330189225,-0.7585804186206653,-0.40013447245521694
-0.8129807727827753,-0.6007789273673969,0.11232659348377604,-0.021991770289428166,-0.513821951227229,0.5481488105613981,0.08442008273429383,-0.40470270604256986,0.6865719025931845,0.07736230898114435,-0.40013447245521694
-0.8174693857796707,-0.6720074619466206,0.11232659348377604,0.4861086637475232,-0.513821951227229,0.5481488105613981,0.08442008273429383,0.5916856018723647,-0.6901109330189225,0.07736230898114435,-0.40013447245521694
-0.8761919200031851,-0.8077606690270233,0.11232659348377604,-0.15785340808626516,-0.513821951227229,0.5481488105613981,0.08442008273429383,-0.40470270604256986,0.6865719025931845,0.07736230898114435,-0.40013447245521694
-0.7814349335745019,0.3385997463185986,0.11232659348377604,-0.34778355946159956,-0.513821951227229,1.8643826828353725,1.1106517134730527,-0.40470270604256986,-0.6901109330189225,-0.7585804186206653,-0.40013447245521694
-0.9079442696652009,0.05200964248219331,0.11232659348377604,1.1643675148788053,2.5612048030403414,-0.7680850617125764,1.1106517134730527,-0.40470270604256986,-0.6901109330189225,-0.7585804186206653,1.703275119235045
-0.7497696255623649,-0.6720074619466206,0.11232659348377604,0.13452525471717172,-0.513821951227229,0.5481488105613981,0.08442008273429383,0.5916856018723647,-0.6901109330189225,0.07736230898114435,-0.40013447245521694
-0.7186390282219233,-0.3301104959663474,0.11232659348377604,0.39338033453577953,2.5612048030403414,-0.7680850617125764,1.1106517134730527,-0.40470270604256986,-0.6901109330189225,-0.7585804186206653,1.703275119235045
0.960104222627187,1.405900822674868,-1.1728217849041325,-2.3932744046166534,-0.513821951227229,0.5481488105613981,0.08442008273429383,-1.4010910139575046,-0.6901109330189225,-1.5945231462224747,-0.40013447245521694
-0.9893003644442804,-1.629318966691386,0.11232659348377604,-0.2945876531502525,1.0236914259065562,-0.7680850617125764,0.08442008273429383,0.5916856018723647,-0.6901109330189225,0.07736230898114435,-0.40013447245521694
-0.7634977978507361,0.4818947982368017,0.11232659348377604,0.05621151390582442,-0.513821951227229,1.8643826828353725,1.1106517134730527,-0.40470270604256986,-0.6901109330189225,-0.7585804186206653,-0.40013447245521694
-0.7497696255623649,-0.41558473746141567,0.11232659348377604,0.1934538594038485,-0.513821951227229,0.5481488105613981,0.08442008273429383,-0.40470270604256986,0.6865719025931845,0.07736230898114435,-0.40013447245521694
-0.5513737210133064,-0.2489099665460325,0.7549007826777303,0.16213940874091895,-0.513821951227229,1.8643826828353725,1.1106517134730527,-0.40470270604256986,0.6865719025931845,0.07736230898114435,-0.40013447245521694
-0.5515044743891123,-0.5621120085958186,0.11232659348377604,0.7500447479064994,-0.513821951227229,0.5481488105613981,0.08442008273429383,0.5916856018723647,-0.6901109330189225,0.07736230898114435,-0.40013447245521694
-0.49730389989566387,-0.6253851484038561,0.11232659348377604,0.3082735118345898,-0.513821951227229,0.5481488105613981,0.08442008273429383,0.5916856018723647,-0.6901109330189225,0.07736230898114435,-0.40013447245521694
-0.8355554176891318,0.4818947982368017,0.11232659348377604,-0.6773308735809997,-0.513821951227229,1.8643826828353725,1.1106517134730527,-0.40470270604256986,-0.6901109330189225,-0.7585804186206653,-0.40013447245521694
-0.9711190382327196,-0.6549126136476072,-0.5302475957101782,-0.16850142587782221,1.0236914259065562,-0.7680850617125764,0.08442008273429383,-0.40470270604256986,-0.6901109330189225,-0.7585804186206653,-0.40013447245521694
-1.09754133267354,-1.204577735877431,-0.5302475957101782,-0.4711525539780927,1.0236914259065562,-0.7680850617125764,0.08442008273429383,-0.40470270604256986,-0.6901109330189225,-0.7585804186206653,-0.40013447245521694
-0.6820070912300567,0.7033507875649331,0.7549007826777303,1.5622322460529572,4.098718180174126,-0.7680850617125764,2.1368833442118116,-0.40470270604256986,-0.6901109330189225,-0.7585804186206653,3.8066847109253072
-0.8174693857796707,-0.6720074619466206,0.11232659348377604,0.4861086637475232,-0.513821951227229,0.5481488105613981,0.08442008273429383,0.5916856018723647,-0.6901109330189225,0.07736230898114435,-0.40013447245521694
-0.7542582385592604,-0.4925115548069771,0.11232659348377604,0.5807147554328812,-0.513821951227229,0.5481488105613981,0.08442008273429383,0.5916856018723647,-0.6901109330189225,0.07736230898114435,-0.40013447245521694
-0.6956491414477352,-0.7361131430679217,0.11232659348377604,0.2851880790707371,-0.513821951227229,0.5481488105613981,0.08442008273429383,-0.40470270604256986,0.6865719025931845,0.07736230898114435,-0.40013447245521694
-0.8041950126862311,-1.1421157901694965,0.11232659348377604,0.20648774010305726,-0.513821951227229,0.5481488105613981,0.08442008273429383,0.5916856018723647,-0.6901109330189225,0.07736230898114435,-0.40013447245521694
-0.40722905395468384,-0.5621120085958186,0.11232659348377604,0.02191473460832975,-0.513821951227229,0.5481488105613981,0.08442008273429383,0.5916856018723647,-0.6901109330189225,0.07736230898114435,-0.40013447245521694
-1.0165134381124132,-1.204577735877431,-0.5302475957101782,-0.16514354474853463,1.0236914259065562,-0.7680850617125764,0.08442008273429383,-0.40470270604256986,-0.6901109330189225,-0.7585804186206653,-0.40013447245521694
-1.2009654876879512,0.4818947982368017,-1.1728217849041325,-0.7233912824926102,-0.513821951227229,0.5481488105613981,0.08442008273429383,-1.4010910139575046,-0.6901109330189225,-1.5945231462224747,-0.40013447245521694
-1.3277523609996165,-1.412784221570546,-0.5302475957101782,-0.5089397623441885,-0.513821951227229,0.5481488105613981,0.08442008273429383,-0.40470270604256986,-0.6901109330189225,-0.7585804186206653,-0.40013447245521694
-0.45230530314087913,-0.5621120085958186,0.11232659348377604,0.99056402945334,-0.513821951227229,0.5481488105613981,0.08442008273429383,0.5916856018723647,-0.6901109330189225,0.07736230898114435,-0.40013447245521694
-0.27176767898425563,-0.8714473587684467,0.7549007826777303,1.5221364944104758,-0.513821951227229,0.5481488105613981,0.08442008273429383,1.5880739097872996,-0.6901109330189225,0.9133050365829539,-0.40013447245521694
-0.8491346937918076,0.3385997463185986,0.11232659348377604,-0.2856517129081678,1.0236914259065562,0.5481488105613981,1.1106517134730527,-0.40470270604256986,-0.6901109330189225,-0.7585804186206653,1.703275119235045
-0.6146719098835954,-0.5621120085958186,0.11232659348377604,0.6014805992587393,-0.513821951227229,0.5481488105613981,0.08442008273429383,0.5916856018723647,-0.6901109330189225,0.07736230898114435,-0.40013447245521694
-0.16769805579956926,1.6357970584202237,-1.8153959740980867,-1.100103571684569,-0.513821951227229,-0.7680850617125764,-0.9418115480044651,-1.4010910139575046,-0.6901109330189225,-1.5945231462224747,-0.40013447245521694
-0.0955603455823549,1.6357970584202237,-1.8153959740980867,-1.6676296651806226,-0.513821951227229,-0.7680850617125764,-0.9418115480044651,-1.4010910139575046,-0.6901109330189225,-1.5945231462224747,-0.40013447245521694
-0.5244430133580935,-0.5621120085958186,0.11232659348377604,0.9836052626393558,-0.513821951227229,0.5481488105613981,0.08442008273429383,0.5916856018723647,-0.6901109330189225,0.07736230898114435,-0.40013447245521694
-1.160537716787987,-0.7361131430679217,-0.5302475957101782,-1.0344923417241472,-0.513821951227229,0.5481488105613981,0.08442008273429383,-0.40470270604256986,-0.6901109330189225,-0.7585804186206653,-0.40013447245521694
-0.7859235465713974,0.4818947982368017,0.11232659348377604,-0.14979007511133108,1.0236914259065562,0.5481488105613981,1.1106517134730527,-0.40470270604256986,-0.6901109330189225,-0.7585804186206653,1.703275119235045
-0.5380892983954126,-0.6720074619466206,0.11232659348377604,0.5399120814473922,-0.513821951227229,-0.7680850617125764,-0.9418115480044651,-0.40470270604256986,2.0632547382052913,0.9133050365829539,-0.40013447245521694
-0.27176767898425563,-0.8714473587684467,0.7549007826777303,1.5221364944104758,-0.513821951227229,0.5481488105613981,0.08442008273429383,1.5880739097872996,-0.6901109330189225,0.9133050365829539,-0.40013447245521694
-0.5514607626631852,-0.18247316974759314,0.7549007826777303,0.6251183151030669,-0.513821951227229,1.8643826828353725,1.1106517134730527,0.5916856018723647,-0.6901109330189225,0.07736230898114435,-0.40013447245521694
-0.8174693857796707,-0.6720074619466206,0.11232659348377604,0.1997498865212629,-0.513821951227229,0.5481488105613981,0.08442008273429383,0.5916856018723647,-0.6901109330189225,0.07736230898114435,-0.40013447245521694
1.4025822531700582,1.6999027395415252,-1.1728217849041325,-0.9382846291054072,1.0236914259065562,-0.7680850617125764,0.08442008273429383,-1.4010910139575046,-0.6901109330189225,-1.5945231462224747,1.703275119235045
-0.9260892172238702,-1.3451171137202835,0.11232659348377604,-0.1272458797663435,1.0236914259065562,-0.7680850617125764,0.08442008273429383,0.5916856018723647,-0.6901109330189225,0.07736230898114435,-0.40013447245521694
-0.2628259120641706,-0.25950133994868246,0.11232659348377604,0.9361641460265571,-0.513821951227229,0.5481488105613981,0.08442008273429383,0.5916856018723647,-0.6901109330189225,0.07736230898114435,-0.40013447245521694
-0.7046263674415258,-0.18247316974759314,0.7549007826777303,0.2882808643213967,-0.513821951227229,1.8643826828353725,1.1106517134730527,0.5916856018723647,-0.6901109330189225,0.07736230898114435,-0.40013447245521694
-1.2193109140084886,-1.0682971270601191,-0.5302475957101782,-0.9876587364998718,-0.513821951227229,0.5481488105613981,0.08442008273429383,-0.40470270604256986,-0.6901109330189225,-0.7585804186206653,-0.40013447245521694
-0.7859235465713974,0.4818947982368017,0.11232659348377604,-0.14979007511133108,1.0236914259065562,0.5481488105613981,1.1106517134730527,-0.40470270604256986,-0.6901109330189225,-0.7585804186206653,1.703275119235045
-1.368188384551802,-1.466917907850756,-0.5302475957101782,-0.9406704920130633,-0.513821951227229,0.5481488105613981,0.08442008273429383,-0.40470270604256986,-0.6901109330189225,-0.7585804186206653,-0.40013447245521694
-1.5350384498925869,-1.9541210843726453,-1.1728217849041325,-1.0066020461601624,-0.513821951227229,-0.7680850617125764,-0.9418115480044651,-0.40470270604256986,-0.6901109330189225,-0.7585804186206653,-0.40013447245521694
-0.9131190044081828,-1.412784221570546,-0.5302475957101782,-0.535891176671366,-0.513821951227229,0.5481488105613981,0.08442008273429383,-0.40470270604256986,-0.6901109330189225,-0.7585804186206653,-0.40013447245521694
0.15268219319040108,1.5891747448774596,-1.8153959740980867,-1.301300297901591,-0.513821951227229,-0.7680850617125764,-0.9418115480044651,-1.4010910139575046,-0.6901109330189225,-1.5945231462224747,-0.40013447245521694
-0.41594059457232524,1.6999027395415252,-1.8153959740980867,-1.3409542230796943,-0.513821951227229,-0.7680850617125764,-0.9418115480044651,-1.4010910139575046,-0.6901109330189225,-1.5945231462224747,-0.40013447245521694
-0.42054264468121016,1.2939000924399504,-1.8153959740980867,-1.8099530150190175,-0.513821951227229,-0.7680850617125764,-0.9418115480044651,-1.4010910139575046,-0.6901109330189225,-1.5945231462224747,-0.40013447245521694
0.25217172383057573,1.0038982016531115,-0.5302475957101782,-0.5772571793989372,-0.513821951227229,0.5481488105613981,0.08442008273429383,-0.40470270604256986,-0.6901109330189225,-0.7585804186206653,-0.40013447245521694
-0.48807830478953934,1.6999027395415252,-1.8153959740980867,-0.7725444766548807,-0.513821951227229,-0.7680850617125764,-0.9418115480044651,-1.4010910139575046,-0.6901109330189225,-1.5945231462224747,-0.40013447245521694
-0.8673451881120007,0.969097974758691,-1.8153959740980867,-1.887714472749891,-0.513821951227229,-0.7680850617125764,-0.9418115480044651,-1.4010910139575046,-0.6901109330189225,-1.5945231462224747,-0.40013447245521694
-0.5782222158105954,0.3536834359941988,-1.1728217849041325,-0.9451881676113478,-0.513821951227229,-0.7680850617125764,-0.9418115480044651,-0.40470270604256986,-0.6901109330189225,-0.7585804186206653,-0.40013447245521694
0.6219063067173147,0.6442958570774314,0.11232659348377604,-1.9829833041318157,-0.513821951227229,0.5481488105613981,0.08442008273429383,-0.40470270604256986,0.6865719025931845,0.07736230898114435,-0.40013447245521694
-0.17232160079680864,0.10712312398919445,0.7549007826777303,0.5159871784012178,1.0236914259065562,0.5481488105613981,1.1106517134730527,0.5916856018723647,-0.6901109330189225,0.07736230898114435,1.703275119235045
-0.713785836354183,0.4818947982368017,0.11232659348377604,-0.7173161686073861,1.0236914259065562,0.5481488105613981,1.1106517134730527,-0.40470270604256986,-0.6901109330189225,-0.7585804186206653,1.703275119235045
-0.506084505593381,0.3536834359941988,-1.1728217849041325,-0.7450407792472278,-0.513821951227229,-0.7680850617125764,-0.9418115480044651,-0.40470270604256986,-0.6901109330189225,-0.7585804186206653,-0.40013447245521694
-0.04127576135874882,1.7579031176988926,-1.8153959740980867,-0.7487963041944563,-0.513821951227229,-0.7680850617125764,-0.9418115480044651,-1.4010910139575046,-0.6901109330189225,-1.5945231462224747,-0.40013447245521694
-1.3591483844430083,-1.5112091057163823,-0.5302475957101782,-0.4554787601542137,1.0236914259065562,-0.7680850617125764,0.08442008273429383,-0.40470270604256986,-0.6901109330189225,-0.7585804186206653,-0.40013447245521694
-1.0433520427520335,-1.9541210843726453,0.7549007826777303,0.8326110684375042,1.0236914259065562,-0.7680850617125764,0.08442008273429383,1.5880739097872996,-0.6901109330189225,0.9133050365829539,-0.40013447245521694
-1.0343301854531295,-0.9101142775400256,-0.5302475957101782,-0.3263991585856093,1.0236914259065562,-0.7680850617125764,0.08442008273429383,-0.40470270604256986,-0.6901109330189225,-0.7585804186206653,-0.40013447245521694
-0.7001377544446306,-0.3301104959663474,0.7549007826777303,0.6594150944005616,1.0236914259065562,0.5481488105613981,1.1106517134730527,0.5916856018723647,-0.6901109330189225,0.07736230898114435,1.703275119235045
-1.4944972418806328,-1.9541210843726453,-0.5302475957101782,-0.44117462836991267,1.0236914259065562,-0.7680850617125764,0.08442008273429383,-0.40470270604256986,-0.6901109330189225,-0.7585804186206653,-0.40013447245521694
-0.7497696255623649,-0.41558473746141567,0.11232659348377604,0.1934538594038485,-0.513821951227229,0.5481488105613981,0.08442008273429383,-0.40470270604256986,0.6865719025931845,0.07736230898114435,-0.40013447245521694
0.03568978737205635,1.6999027395415252,-1.8153959740980867,-1.293457878158846,-0.513821951227229,-0.7680850617125764,-0.9418115480044651,-1.4010910139575046,-0.6901109330189225,-1.5945231462224747,-0.40013447245521694
-0.6145848682337166,-0.6720074619466206,0.11232659348377604,0.3145695389520042,-0.513821951227229,0.5481488105613981,0.08442008273429383,0.5916856018723647,-0.6901109330189225,0.07736230898114435,-0.40013447245521694
-0.91661969090315,0.6251898501550045,0.11232659348377604,0.24945536376400798,1.0236914259065562,0.5481488105613981,1.1106517134730527,-0.40470270604256986,-0.6901109330189225,-0.7585804186206653,1.703275119235045
0.39618774985392824,-0.3301104959663474,0.11232659348377604,-0.14575840862386405,-0.513821951227229,-0.7680850617125764,-0.9418115480044651,0.5916856018723647,0.6865719025931845,0.9133050365829539,-0.40013447245521694
0.676354991049897,1.1462627662211962,0.11232659348377604,-0.4843631652630514,1.0236914259065562,0.5481488105613981,1.1106517134730527,-1.4010910139575046,0.6865719025931845,-0.7585804186206653,-0.40013447245521694
0.31941253045412304,0.03078074590171881,-0.5302475957101782,-0.6255819489404961,-0.513821951227229,-0.7680850617125764,-0.9418115480044651,0.5916856018723647,-0.6901109330189225,0.07736230898114435,-0.40013447245521694
-0.7590750517741086,-0.928430186431826,0.7549007826777303,0.23250027319342717,1.0236914259065562,0.5481488105613981,1.1106517134730527,0.5916856018723647,-0.6901109330189225,0.07736230898114435,1.703275119235045
0.2881108817336448,0.06189205985586226,-0.5302475957101782,-0.22683356483758532,-0.513821951227229,-0.7680850617125764,-0.9418115480044651,0.5916856018723647,-0.6901109330189225,0.07736230898114435,-0.40013447245521694
0.24278620724001296,0.1338925292925946,-0.5302475957101782,0.04787203939065254,-0.513821951227229,-0.7680850617125764,-0.9418115480044651,0.5916856018723647,-0.6901109330189225,0.07736230898114435,-0.40013447245521694
-0.8761919200031851,-0.8077606690270233,0.11232659348377604,-0.15785340808626516,-0.513821951227229,0.5481488105613981,0.08442008273429383,-0.40470270604256986,0.6865719025931845,0.07736230898114435,-0.40013447245521694
-0.7542582385592604,-0.4925115548069771,0.11232659348377604,0.5356042734196879,-0.513821951227229,0.5481488105613981,0.08442008273429383,0.5916856018723647,-0.6901109330189225,0.07736230898114435,-0.40013447245521694
-0.6910470913388502,-0.3301104959663474,0.11232659348377604,0.9169999231340765,-0.513821951227229,0.5481488105613981,0.08442008273429383,0.5916856018723647,-0.6901109330189225,0.07736230898114435,-0.40013447245521694
0.0759716009729344,-0.040108605179508684,-0.5302475957101782,0.3434428983992339,-0.513821951227229,-0.7680850617125764,-0.9418115480044651,0.5916856018723647,-0.6901109330189225,0.07736230898114435,-0.40013447245521694
0.27453160563096896,0.1570926805555419,0.11232659348377604,-0.03287174697478475,-0.513821951227229,0.5481488105613981,0.08442008273429383,0.5916856018723647,-0.6901109330189225,0.07736230898114435,-0.40013447245521694
-0.8085428227828665,-0.8714473587684467,0.11232659348377604,0.3590283269302375,-0.513821951227229,0.5481488105613981,0.08442008273429383,0.5916856018723647,-0.6901109330189225,0.07736230898114435,-0.40013447245521694
-0.6145848682337166,-0.6720074619466206,0.11232659348377604,0.3145695389520042,-0.513821951227229,0.5481488105613981,0.08442008273429383,0.5916856018723647,-0.6901109330189225,0.07736230898114435,-0.40013447245521694
-1.4267974816633273,-1.9541210843726453,-0.5302475957101782,-0.7873456632116088,1.0236914259065562,-0.7680850617125764,0.08442008273429383,-0.40470270604256986,-0.6901109330189225,-0.7585804186206653,-0.40013447245521694
-0.9257610170059172,-0.0594420645652976,0.11232659348377604,0.7430859810925161,1.0236914259065562,-0.7680850617125764,0.08442008273429383,-0.40470270604256986,0.6865719025931845,0.07736230898114435,-0.40013447245521694
-1.4944972418806328,-1.9541210843726453,-0.5302475957101782,-0.5276621587722892,1.0236914259065562,-0.7680850617125764,0.08442008273429383,-0.40470270604256986,-0.6901109330189225,-0.7585804186206653,-0.40013447245521694
-0.8853332461059527,-0.8714473587684467,0.7549007826777303,0.27850545379699015,1.0236914259065562,0.5481488105613981,1.1106517134730527,0.5916856018723647,-0.6901109330189225,0.07736230898114435,1.703275119235045
0.2204111215163391,0.06189205985586226,-0.5302475957101782,-0.11245573887122345,-0.513821951227229,-0.7680850617125764,-0.9418115480044651,0.5916856018723647,-0.6901109330189225,0.07736230898114435,-0.40013447245521694
0.30180359494830983,1.1314990335993207,0.11232659348377604,0.6820034723919857,1.0236914259065562,0.5481488105613981,1.1106517134730527,-0.40470270604256986,-0.6901109330189225,-0.7585804186206653,1.703275119235045
-0.42051347657257754,-0.4039291590757245,0.11232659348377604,-0.2341237014998554,-0.513821951227229,0.5481488105613981,0.08442008273429383,0.5916856018723647,-0.6901109330189225,0.07736230898114435,-0.40013447245521694
-0.9438916802204911,-1.0943507728634287,0.11232659348377604,0.6897464811802444,-0.513821951227229,-0.7680850617125764,-0.9418115480044651,0.5916856018723647,0.6865719025931845,0.9133050365829539,-0.40013447245521694
-0.9394537302205824,-1.6675309805362397,-0.5302475957101782,0.14888461480952023,-0.513821951227229,-0.7680850617125764,-0.9418115480044651,0.5916856018723647,-0.6901109330189225,0.07736230898114435,-0.40013447245521694
-0.8806805330000809,-1.412784221570546,-0.5302475957101782,0.1805856636287818,-0.513821951227229,-0.7680850617125764,-0.9418115480044651,0.5916856018723647,-0.6901109330189225,0.07736230898114435,-0.40013447245521694
-0.6552720335447574,-1.026115033854761,1.3974749718716846,0.6132994571809031,1.0236914259065562,0.5481488105613981,1.1106517134730527,0.5916856018723647,0.6865719025931845,0.9133050365829539,1.703275119235045
1.4884216471804208,-0.1535876059221846,1.3974749718716846,1.3783772085628478,-0.513821951227229,-0.7680850617125764,-0.9418115480044651,2.5844622177022343,0.6865719025931845,2.585190491786573,-0.40013447245521694
-0.051116697908420744,-0.09810898333687652,0.11232659348377604,-0.054852613577687885,-0.513821951227229,1.8643826828353725,1.1106517134730527,-0.40470270604256986,-0.6901109330189225,-0.7585804186206653,-0.40013447245521694
-0.9438916802204911,-1.0943507728634287,0.11232659348377604,0.6897464811802444,-0.513821951227229,-0.7680850617125764,-0.9418115480044651,0.5916856018723647,0.6865719025931845,0.9133050365829539,-0.40013447245521694
-0.8806805330000809,-0.8714473587684467,0.11232659348377604,0.17627785560107748,-0.513821951227229,0.5481488105613981,0.08442008273429383,0.5916856018723647,-0.6901109330189225,0.07736230898114435,-0.40013447245521694
0.5134392908101497,0.025141820247530384,2.040049161065639,0.5500078161584742,-0.513821951227229,3.180616555109347,2.1368833442118116,1.5880739097872996,-0.6901109330189225,0.9133050365829539,-0.40013447245521694
-1.0206821035435771,-1.0943507728634287,0.7549007826777303,0.2737558193049056,1.0236914259065562,0.5481488105613981,1.1106517134730527,0.5916856018723647,-0.6901109330189225,0.07736230898114435,1.703275119235045
-0.49260052379280483,-0.5621120085958186,0.11232659348377604,0.41366016925081944,-0.513821951227229,-0.7680850617125764,-0.9418115480044651,0.5916856018723647,0.6865719025931845,0.9133050365829539,-0.40013447245521694
-0.5925121276589188,-1.0943507728634287,0.11232659348377604,1.1108623300423917,-0.513821951227229,-0.7680850617125764,-0.9418115480044651,0.5916856018723647,0.6865719025931845,0.9133050365829539,-0.40013447245521694
1.7097468853490116,0.8140787822289992,-0.5302475957101782,-1.2061971514438063,-0.513821951227229,-0.7680850617125764,-0.9418115480044651,0.5916856018723647,-0.6901109330189225,0.07736230898114435,-0.40013447245521694
2.233390515099875,1.1923994306645571,-0.5302475957101782,-1.3618857518297007,-0.513821951227229,-0.7680850617125764,-0.9418115480044651,-0.40470270604256986,0.6865719025931845,0.07736230898114435,-0.40013447245521694
2.2330623148819235,0.9055497343427927,-0.5302475957101782,-2.3156786318099325,-0.513821951227229,-0.7680850617125764,-0.9418115480044651,-0.40470270604256986,0.6865719025931845,0.07736230898114435,-0.40013447245521694
-0.7497696255623649,-0.41558473746141567,0.11232659348377604,0.1934538594038485,-0.513821951227229,0.5481488105613981,0.08442008273429383,-0.40470270604256986,0.6865719025931845,0.07736230898114435,-0.40013447245521694
-1.3544956713371366,-1.5112091057163823,-1.1728217849041325,-0.5704640975090974,-0.513821951227229,-0.7680850617125764,-0.9418115480044651,-0.40470270604256986,-0.6901109330189225,-0.7585804186206653,-0.40013447245521694
-0.9621924752359154,-0.5621120085958186,0.11232659348377604,-0.839481186008444,1.0236914259065562,0.5481488105613981,1.1106517134730527,-0.40470270604256986,-0.6901109330189225,-0.7585804186206653,-0.40013447245521694
-0.6687854427271653,-0.6007789273673969,0.11232659348377604,0.030751263895928894,-0.513821951227229,0.5481488105613981,0.08442008273429383,-0.40470270604256986,0.6865719025931845,0.07736230898114435,-0.40013447245521694
-0.62783594411844,-0.18247316974759314,0.11232659348377604,0.9857039383451601,-0.513821951227229,0.5481488105613981,0.08442008273429383,0.5916856018723647,-0.6901109330189225,0.07736230898114435,-0.40013447245521694
0.026259898749580627,1.4563011512805801,-1.8153959740980867,-1.732191557288144,-0.513821951227229,-0.7680850617125764,-0.9418115480044651,-1.4010910139575046,-0.6901109330189225,-1.5945231462224747,-0.40013447245521694
0.3239699492578951,0.3194937393961719,2.040049161065639,1.4670738712871236,-0.513821951227229,3.180616555109347,2.1368833442118116,0.5916856018723647,0.6865719025931845,0.9133050365829539,-0.40013447245521694
-0.42051347657257754,-0.4039291590757245,0.11232659348377604,-0.2341237014998554,-0.513821951227229,0.5481488105613981,0.08442008273429383,0.5916856018723647,-0.6901109330189225,0.07736230898114435,-0.40013447245521694
0.30629220794520556,0.9018975366177405,-0.5302475957101782,0.18402086438933643,-0.513821951227229,-0.7680850617125764,-0.9418115480044651,-0.40470270604256986,0.6865719025931845,0.07736230898114435,-0.40013447245521694
0.5272120944036336,0.11280148268991558,0.11232659348377604,0.35792376076928745,-0.513821951227229,0.5481488105613981,0.08442008273429383,0.5916856018723647,-0.6901109330189225,0.07736230898114435,-0.40013447245521694
0.436893057974859,-0.47774782218510187,0.11232659348377604,0.4131520688167821,-0.513821951227229,-0.7680850617125764,-0.9418115480044651,1.5880739097872996,-0.6901109330189225,0.9133050365829539,-0.40013447245521694
0.4006146745550943,-0.040108605179508684,-0.5302475957101782,-0.0018886661601406256,-0.513821951227229,-0.7680850617125764,-0.9418115480044651,0.5916856018723647,-0.6901109330189225,0.07736230898114435,-0.40013447245521694
-0.18633859487808754,-1.3451171137202835,0.7549007826777303,1.7385320510021693,-0.513821951227229,-0.7680850617125764,-0.9418115480044651,0.5916856018723647,2.0632547382052913,1.7492477641847635,-0.40013447245521694
-0.22237278781005718,-0.4925115548069771,0.11232659348377604,0.5273642098590017,-0.513821951227229,0.5481488105613981,0.08442008273429383,0.5916856018723647,-0.6901109330189225,0.07736230898114435,-0.40013447245521694
-0.7542582385592604,-0.4925115548069771,0.11232659348377604,0.7015542934407996,-0.513821951227229,0.5481488105613981,0.08442008273429383,0.5916856018723647,-0.6901109330189225,0.07736230898114435,-0.40013447245521694
-0.5108435383000953,-0.4925115548069771,0.11232659348377604,0.9279351281274805,-0.513821951227229,0.5481488105613981,0.08442008273429383,0.5916856018723647,-0.6901109330189225,0.07736230898114435,-0.40013447245521694
-0.29451049802727125,-0.4925115548069771,0.11232659348377604,0.7117715304295865,-0.513821951227229,0.5481488105613981,0.08442008273429383,0.5916856018723647,-0.6901109330189225,0.07736230898114435,-0.40013447245521694
0.31538287105098617,0.9018975366177405,-1.1728217849041325,-0.6151437987195176,-0.513821951227229,-0.7680850617125764,-0.9418115480044651,-0.40470270604256986,-0.6901109330189225,-0.7585804186206653,-0.40013447245521694
0.08947104596999085,1.5259016050694219,-1.8153959740980867,-1.5167459275948676,-0.513821951227229,-0.7680850617125764,-0.9418115480044651,-1.4010910139575046,-0.6901109330189225,-1.5945231462224747,-0.40013447245521694
-1.2689246423163332,-1.9541210843726453,0.11232659348377604,0.1723014174216578,1.0236914259065562,-0.7680850617125764,0.08442008273429383,0.5916856018723647,-0.6901109330189225,0.07736230898114435,-0.40013447245521694
0.7711807832854577,0.5477330653343542,0.11232659348377604,0.8424417072699594,-0.513821951227229,-0.7680850617125764,-0.9418115480044651,0.5916856018723647,0.6865719025931845,0.9133050365829539,-0.40013447245521694
0.8342278303968914,0.28437999694414395,0.11232659348377604,0.19317771786361265,-0.513821951227229,-0.7680850617125764,-0.9418115480044651,0.5916856018723647,0.6865719025931845,0.9133050365829539,-0.40013447245521694
0.8387164433937866,0.3465605825362768,0.11232659348377604,-0.14095354582373,-0.513821951227229,-0.7680850617125764,-0.9418115480044651,0.5916856018723647,0.6865719025931845,0.9133050365829539,-0.40013447245521694
-1.3591483844430083,-1.5112091057163823,-0.5302475957101782,-0.433431619581654,1.0236914259065562,-0.7680850617125764,0.08442008273429383,-0.40470270604256986,-0.6901109330189225,-0.7585804186206653,-0.40013447245521694
-0.6011515494301275,-1.732665095044514,0.7549007826777303,0.420497433787099,-0.513821951227229,0.5481488105613981,0.08442008273429383,1.5880739097872996,-0.6901109330189225,0.9133050365829539,-0.40013447245521694
0.15268219319040108,1.5891747448774596,-1.8153959740980867,-1.3992200880697985,-0.513821951227229,-0.7680850617125764,-0.9418115480044651,-1.4010910139575046,-0.6901109330189225,-1.5945231462224747,-0.40013447245521694
0.346589225469365,0.8066969159180613,2.040049161065639,0.28424919783393043,1.0236914259065562,3.180616555109347,3.1631149749505707,0.5916856018723647,-0.6901109330189225,0.07736230898114435,1.703275119235045
0.5092100722243302,0.8748005857544546,-0.5302475957101782,0.7021728504909319,1.0236914259065562,-0.7680850617125764,0.08442008273429383,-0.40470270604256986,-0.6901109330189225,-0.7585804186206653,1.703275119235045
0.09398882707551866,-0.14966487503231457,-0.5302475957101782,-0.5168926387030274,-0.513821951227229,-0.7680850617125764,-0.9418115480044651,0.5916856018723647,-0.6901109330189225,0.07736230898114435,-0.40013447245521694
0.28362226873674956,0.1570926805555419,-0.5302475957101782,0.04986025848036213,-0.513821951227229,-0.7680850617125764,-0.9418115480044651,0.5916856018723647,-0.6901109330189225,0.07736230898114435,-0.40013447245521694
0.2204111215163391,0.06189205985586226,-0.5302475957101782,-0.08600137931647386,-0.513821951227229,-0.7680850617125764,-0.9418115480044651,0.5916856018723647,-0.6901109330189225,0.07736230898114435,-0.40013447245521694
2.088933678292654,1.066538610063069,-0.5302475957101782,0.711053562424974,-0.513821951227229,-0.7680850617125764,-0.9418115480044651,0.5916856018723647,-0.6901109330189225,0.07736230898114435,-0.40013447245521694
