mw,fsp3,n_lipinski_hba,n_lipinski_hbd,n_rotatable_bonds,clogp,n_aliphatic_carbocycles,n_aliphatic_heterocyles,n_aromatic_carbocycles,n_aromatic_heterocyles,n_aromatic_rings,n_saturated_carbocycles,n_saturated_heterocyles
1.1317874342512306,0.6018719121721728,-0.5296531871543967,0.10954275114956384,1.3716869781011103,1.8104842046056466,-0.18343220956176326,0.7859446618736644,1.0052927224766786,-1.1180370691533899,-0.028277987948206885,-0.20161945963637795,2.195035721390843
1.1975841053080623,2.3089974216353677,-0.5296531871543967,0.10954275114956384,1.3716869781011103,2.114263351497484,2.9471441669589966,0.7859446618736644,-0.23796784251863407,-1.1180370691533899,-1.2348054737383674,4.959838707054898,2.195035721390843
1.1317874342512306,0.6018719121721728,-0.5296531871543967,0.10954275114956384,1.3716869781011103,1.8104842046056466,-0.18343220956176326,0.7859446618736644,1.0052927224766786,-1.1180370691533899,-0.028277987948206885,-0.20161945963637795,2.195035721390843
-0.7724651204512103,2.4275478042369794,-0.5296531871543967,-0.6483746622095806,-0.3951148653901312,-0.17882564682416763,-0.18343220956176326,0.7859446618736644,-1.4812284075139466,-1.1180370691533899,-2.441332959528528,-0.20161945963637795,-0.4555734516094202
1.0770644953830928,-0.7353764035739964,1.179479786520295,0.10954275114956384,0.4882860563554896,0.8134716138464584,-0.18343220956176326,-0.7983217431630134,1.0052927224766786,1.569451097074477,2.384776983632114,-0.20161945963637795,-0.4555734516094202
-0.07613850738719184,0.655219584342898,0.04005780407050059,-0.6483746622095806,0.04658559548267922,0.2286108411670412,-0.18343220956176326,0.7859446618736644,-0.23796784251863407,-1.1180370691533899,-1.2348054737383674,-0.20161945963637795,-0.4555734516094202
-1.273963314069556,-0.7353764035739964,-1.0993641783792938,-0.6483746622095806,0.04658559548267922,-0.8647862934362793,-0.18343220956176326,-0.7983217431630134,-0.23796784251863407,-1.1180370691533899,-1.2348054737383674,-0.20161945963637795,-0.4555734516094202
1.5013162866409298,0.6018719121721728,-0.5296531871543967,0.10954275114956384,1.3716869781011103,2.33268703170148,-0.18343220956176326,0.7859446618736644,1.0052927224766786,-1.1180370691533899,-0.028277987948206885,-0.20161945963637795,2.195035721390843
0.21697439939687274,-0.9535091075609606,1.7491907777451923,1.6253775778678528,-0.3951148653901312,-0.717476184635692,-0.18343220956176326,-0.7983217431630134,-0.23796784251863407,1.569451097074477,1.1782494978419535,-0.20161945963637795,-0.4555734516094202
-0.37083505235255165,-1.3897745155348877,0.6097687952953978,1.6253775778678528,-0.3951148653901312,-0.6803289740397102,-0.18343220956176326,-0.7983217431630134,-0.23796784251863407,0.22570701396054352,-0.028277987948206885,-0.20161945963637795,-0.4555734516094202
-0.10944736216246333,-1.3897745155348877,1.7491907777451923,1.6253775778678528,-0.3951148653901312,-1.0943988924944872,-0.18343220956176326,-0.7983217431630134,-0.23796784251863407,1.569451097074477,1.1782494978419535,-0.20161945963637795,-0.4555734516094202
-0.39197545694751496,-0.08097829161310487,-0.5296531871543967,0.8674601645087082,-0.3951148653901312,0.45870296531900084,-0.18343220956176326,-0.7983217431630134,-0.23796784251863407,0.22570701396054352,-0.028277987948206885,-0.20161945963637795,-0.4555734516094202
-0.6969831344139846,-0.8863913524880485,-0.5296531871543967,0.10954275114956384,-0.8368153262629415,-0.3559941847957078,-0.18343220956176326,-0.7983217431630134,-0.23796784251863407,0.22570701396054352,-0.028277987948206885,-0.20161945963637795,-0.4555734516094202
-0.6969831344139846,-0.8863913524880485,-0.5296531871543967,0.10954275114956384,-0.8368153262629415,-0.3559941847957078,-0.18343220956176326,-0.7983217431630134,-0.23796784251863407,0.22570701396054352,-0.028277987948206885,-0.20161945963637795,-0.4555734516094202
-0.6533361594645853,-0.383008189441209,-1.0993641783792938,-0.6483746622095806,-0.3951148653901312,0.10049772028632148,-0.18343220956176326,-0.7983217431630134,-0.23796784251863407,0.22570701396054352,-0.028277987948206885,-0.20161945963637795,-0.4555734516094202
0.04305647657077151,-0.9223472927056798,1.7491907777451923,1.6253775778678528,-0.3951148653901312,-0.8479070101362123,-0.18343220956176326,-0.7983217431630134,-0.23796784251863407,1.569451097074477,1.1782494978419535,-0.20161945963637795,-0.4555734516094202
-1.023131216475417,-0.383008189441209,-1.669075169604191,-0.6483746622095806,-0.8368153262629415,-0.06755984090393215,-0.18343220956176326,-0.7983217431630134,-0.23796784251863407,0.22570701396054352,-0.028277987948206885,-0.20161945963637795,-0.4555734516094202
-0.6969831344139846,-0.8863913524880485,-0.5296531871543967,0.8674601645087082,-0.8368153262629415,-0.19263596952422304,-0.18343220956176326,-0.7983217431630134,-0.23796784251863407,0.22570701396054352,-0.028277987948206885,-0.20161945963637795,-0.4555734516094202
-0.5444792956807498,-0.4549200698764719,-0.5296531871543967,-0.6483746622095806,-0.8368153262629415,-0.2853441543162595,-0.18343220956176326,-0.7983217431630134,-0.23796784251863407,0.22570701396054352,-0.028277987948206885,-0.20161945963637795,-0.4555734516094202
-1.676385201258862,0.47993437578194476,-1.0993641783792938,0.10954275114956384,-1.278515787135752,-1.9276536637373947,-0.18343220956176326,-0.7983217431630134,-1.4812284075139466,0.22570701396054352,-1.2348054737383674,-0.20161945963637795,-0.4555734516094202
0.34806415403724117,-0.16277805560821637,1.7491907777451923,0.10954275114956384,0.04658559548267922,-0.6288439631405467,-0.18343220956176326,-0.7983217431630134,-0.23796784251863407,1.569451097074477,1.1782494978419535,-0.20161945963637795,-0.4555734516094202
0.6303211889827022,-0.9223472927056798,1.7491907777451923,1.6253775778678528,-0.3951148653901312,-0.28016528330373897,-0.18343220956176326,-0.7983217431630134,-0.23796784251863407,1.569451097074477,1.1782494978419535,-0.20161945963637795,-0.4555734516094202
0.6093588335829728,-0.4549200698764719,0.04005780407050059,-0.6483746622095806,0.4882860563554896,1.4588484533573682,-0.18343220956176326,-0.7983217431630134,1.0052927224766786,0.22570701396054352,1.1782494978419535,-0.20161945963637795,-0.4555734516094202
-0.3490960555067084,-0.8863913524880485,-0.5296531871543967,0.8674601645087082,-0.3951148653901312,0.13782075675001237,-0.18343220956176326,-0.7983217431630134,-0.23796784251863407,0.22570701396054352,-0.028277987948206885,-0.20161945963637795,-0.4555734516094202
0.20654103684834296,-0.6198943838161921,0.6097687952953978,3.1412124045861414,0.04658559548267922,-0.02585714191730771,-0.18343220956176326,-0.7983217431630134,1.0052927224766786,0.22570701396054352,1.1782494978419535,-0.20161945963637795,-0.4555734516094202
0.15184731738326837,-1.3897745155348877,0.04005780407050059,0.8674601645087082,0.04658559548267922,0.9932935240034265,-0.18343220956176326,-0.7983217431630134,1.0052927224766786,0.22570701396054352,1.1782494978419535,-0.20161945963637795,-0.4555734516094202
-1.8504253541323836,0.47993437578194476,-1.669075169604191,-0.6483746622095806,-1.7202162480085623,-1.2754036312160426,-0.18343220956176326,-0.7983217431630134,-1.4812284075139466,0.22570701396054352,-1.2348054737383674,-0.20161945963637795,-0.4555734516094202
-0.47956221121219716,-0.383008189441209,-1.0993641783792938,-0.6483746622095806,-0.3951148653901312,0.5115306464806707,-0.18343220956176326,-0.7983217431630134,-0.23796784251863407,0.22570701396054352,-0.028277987948206885,-0.20161945963637795,-0.4555734516094202
-0.3056275176808115,-0.8444427555674784,0.04005780407050059,0.10954275114956384,0.04658559548267922,-0.9360756907073972,-0.18343220956176326,-0.7983217431630134,-0.23796784251863407,0.22570701396054352,-0.028277987948206885,-0.20161945963637795,-0.4555734516094202
-0.5444792956807498,-0.4549200698764719,-0.5296531871543967,0.8674601645087082,-0.3951148653901312,0.010347002660962177,-0.18343220956176326,-0.7983217431630134,-0.23796784251863407,0.22570701396054352,-0.028277987948206885,-0.20161945963637795,-0.4555734516094202
-0.37083505235255165,-1.3897745155348877,0.6097687952953978,1.6253775778678528,-0.3951148653901312,-0.6803289740397102,-0.18343220956176326,-0.7983217431630134,-0.23796784251863407,0.22570701396054352,-0.028277987948206885,-0.20161945963637795,-0.4555734516094202
0.15184731738326837,-1.3897745155348877,0.04005780407050059,0.8674601645087082,0.04658559548267922,0.9932935240034265,-0.18343220956176326,-0.7983217431630134,1.0052927224766786,0.22570701396054352,1.1782494978419535,-0.20161945963637795,-0.4555734516094202
0.15184731738326837,-1.3897745155348877,0.04005780407050059,0.8674601645087082,0.04658559548267922,0.9932935240034265,-0.18343220956176326,-0.7983217431630134,1.0052927224766786,0.22570701396054352,1.1782494978419535,-0.20161945963637795,-0.4555734516094202
-0.8494869731472194,-1.3897745155348877,-0.5296531871543967,0.8674601645087082,-0.8368153262629415,-0.43912785188249803,-0.18343220956176326,-0.7983217431630134,-0.23796784251863407,0.22570701396054352,-0.028277987948206885,-0.20161945963637795,-0.4555734516094202
-0.6969831344139846,-0.8863913524880485,-0.5296531871543967,0.8674601645087082,-0.8368153262629415,-0.19263596952422288,-0.18343220956176326,-0.7983217431630134,-0.23796784251863407,0.22570701396054352,-0.028277987948206885,-0.20161945963637795,-0.4555734516094202
-0.3919754569475143,-0.08097829161310487,-0.5296531871543967,0.8674601645087082,-0.3951148653901312,0.45870296531900084,-0.18343220956176326,-0.7983217431630134,-0.23796784251863407,0.22570701396054352,-0.028277987948206885,-0.20161945963637795,-0.4555734516094202
-1.5238813625256273,1.064218404318455,-1.0993641783792938,-0.6483746622095806,-0.8368153262629415,-1.2692657100160178,-0.18343220956176326,-0.7983217431630134,-1.4812284075139466,0.22570701396054352,-1.2348054737383674,-0.20161945963637795,-0.4555734516094202
-1.3717734333377165,0.24622076436734078,-0.5296531871543967,0.10954275114956384,-0.8368153262629415,-1.6093289223350828,-0.18343220956176326,-0.7983217431630134,-1.4812284075139466,0.22570701396054352,-1.2348054737383674,-0.20161945963637795,-0.4555734516094202
-0.250178660260713,0.655219584342898,-0.5296531871543967,-0.6483746622095806,-0.8368153262629415,-0.24538372983693335,-0.18343220956176326,0.7859446618736644,-0.23796784251863407,0.22570701396054352,-0.028277987948206885,-0.20161945963637795,2.195035721390843
-0.16383072099401016,-0.383008189441209,0.04005780407050059,0.10954275114956384,-0.3951148653901312,-0.9874488124180187,-0.18343220956176326,-0.7983217431630134,-0.23796784251863407,0.22570701396054352,-0.028277987948206885,-0.20161945963637795,-0.4555734516094202
-0.44642471631774905,-0.9223472927056798,0.04005780407050059,-0.6483746622095806,-0.8368153262629415,-0.44990118232212445,-0.18343220956176326,-0.7983217431630134,-0.23796784251863407,1.569451097074477,1.1782494978419535,-0.20161945963637795,-0.4555734516094202
-0.47956221121219716,-0.383008189441209,-1.0993641783792938,-0.6483746622095806,-0.3951148653901312,0.5115306464806707,-0.18343220956176326,-0.7983217431630134,-0.23796784251863407,0.22570701396054352,-0.028277987948206885,-0.20161945963637795,-0.4555734516094202
-0.6533361594645853,-0.383008189441209,-1.0993641783792938,-0.6483746622095806,-0.3951148653901312,0.10049772028632148,-0.18343220956176326,-0.7983217431630134,-0.23796784251863407,0.22570701396054352,-0.028277987948206885,-0.20161945963637795,-0.4555734516094202
-0.435595444223895,-0.8863913524880485,0.6097687952953978,0.10954275114956384,-0.8368153262629415,-0.7700641032504849,-0.18343220956176326,-0.7983217431630134,-0.23796784251863407,1.569451097074477,1.1782494978419535,-0.20161945963637795,-0.4555734516094202
-1.10983838415182,2.4275478042369794,-1.669075169604191,-0.6483746622095806,-1.278515787135752,0.2975985179881495,2.9471441669589966,-0.7983217431630134,-1.4812284075139466,0.22570701396054352,-1.2348054737383674,4.959838707054898,-0.4555734516094202
-1.3713775237923924,1.5186615376246295,-1.0993641783792938,0.10954275114956384,-0.3951148653901312,-0.9204911251604597,-0.18343220956176326,-0.7983217431630134,-1.4812284075139466,0.22570701396054352,-1.2348054737383674,-0.20161945963637795,-0.4555734516094202
0.03250088397482182,-0.2349543179568442,0.04005780407050059,0.8674601645087082,0.04658559548267922,0.0898842315446125,-0.18343220956176326,-0.7983217431630134,-0.23796784251863407,1.569451097074477,1.1782494978419535,-0.20161945963637795,-0.4555734516094202
-1.3717734333377165,0.24622076436734078,-0.5296531871543967,0.10954275114956384,-1.278515787135752,-1.5838181873474813,-0.18343220956176326,-0.7983217431630134,-1.4812284075139466,0.22570701396054352,-1.2348054737383674,-0.20161945963637795,-0.4555734516094202
-0.9465052733247318,2.4275478042369794,-1.0993641783792938,-0.6483746622095806,-1.278515787135752,-0.6922211963647577,-0.18343220956176326,0.7859446618736644,-1.4812284075139466,0.22570701396054352,-1.2348054737383674,-0.20161945963637795,2.195035721390843
-1.0883020700115333,2.1796697315245197,-1.0993641783792938,-0.6483746622095806,-0.8368153262629415,-0.530557303091196,-0.18343220956176326,0.7859446618736644,-1.4812284075139466,0.22570701396054352,-1.2348054737383674,-0.20161945963637795,2.195035721390843
-0.5225470719951392,0.01250715295273607,-0.5296531871543967,-0.6483746622095806,0.04658559548267922,-0.0037989876047194748,-0.18343220956176326,-0.7983217431630134,-0.23796784251863407,0.22570701396054352,-0.028277987948206885,-0.20161945963637795,-0.4555734516094202
-0.5444792956807498,-0.4549200698764719,-0.5296531871543967,-0.6483746622095806,-0.8368153262629415,-0.28534415431625965,-0.18343220956176326,-0.7983217431630134,-0.23796784251863407,0.22570701396054352,-0.028277987948206885,-0.20161945963637795,-0.4555734516094202
-1.1756350552086519,-0.8444427555674784,-1.669075169604191,-0.6483746622095806,-1.278515787135752,-0.11479306263849554,-0.18343220956176326,-0.7983217431630134,-0.23796784251863407,0.22570701396054352,-0.028277987948206885,-0.20161945963637795,-0.4555734516094202
-0.8490910636018955,-0.383008189441209,-1.0993641783792938,-0.6483746622095806,-0.8368153262629415,-0.10791986962805149,-0.18343220956176326,-0.7983217431630134,-0.23796784251863407,0.22570701396054352,-0.028277987948206885,-0.20161945963637795,-0.4555734516094202
-1.545417676665914,1.5186615376246295,-1.669075169604191,-0.6483746622095806,-1.278515787135752,-0.4411098889366728,-0.18343220956176326,-0.7983217431630134,-1.4812284075139466,0.22570701396054352,-1.2348054737383674,-0.20161945963637795,-0.4555734516094202
-0.6965872248686606,0.01250715295273607,-1.0993641783792938,-0.6483746622095806,0.04658559548267922,-0.014188697969344178,-0.18343220956176326,-0.7983217431630134,-0.23796784251863407,0.22570701396054352,-0.028277987948206885,-0.20161945963637795,-0.4555734516094202
-0.2505378886704126,2.4275478042369794,0.04005780407050059,-0.6483746622095806,-0.8368153262629415,-1.2278507260856444,-0.18343220956176326,0.7859446618736644,-1.4812284075139466,0.22570701396054352,-1.2348054737383674,-0.20161945963637795,2.195035721390843
-0.8490910636018955,-0.383008189441209,-1.0993641783792938,-0.6483746622095806,-0.3951148653901312,-0.010672180615163514,-0.18343220956176326,-0.7983217431630134,-0.23796784251863407,0.22570701396054352,-0.028277987948206885,-0.20161945963637795,-0.4555734516094202
-0.5225470719951392,0.01250715295273607,-0.5296531871543967,-0.6483746622095806,0.04658559548267922,-0.0037989876047194748,-0.18343220956176326,-0.7983217431630134,-0.23796784251863407,0.22570701396054352,-0.028277987948206885,-0.20161945963637795,-0.4555734516094202
-0.6969831344139846,-0.8863913524880485,-0.5296531871543967,0.8674601645087082,-0.8368153262629415,-0.19263596952422288,-0.18343220956176326,-0.7983217431630134,-0.23796784251863407,0.22570701396054352,-0.028277987948206885,-0.20161945963637795,-0.4555734516094202
-0.3483409175516845,-1.0262200088899485,-1.669075169604191,-0.6483746622095806,-0.8368153262629415,1.217487489502237,-0.18343220956176326,-0.7983217431630134,1.0052927224766786,0.22570701396054352,1.1782494978419535,-0.20161945963637795,-0.4555734516094202
-1.0015949023351303,-0.8444427555674784,-1.0993641783792938,0.10954275114956384,-0.3951148653901312,-0.030092946912115982,-0.18343220956176326,-0.7983217431630134,-0.23796784251863407,0.22570701396054352,-0.028277987948206885,-0.20161945963637795,-0.4555734516094202
-0.8490910636018955,-0.383008189441209,-1.0993641783792938,0.10954275114956384,0.04658559548267922,-0.287677843105852,-0.18343220956176326,-0.7983217431630134,-0.23796784251863407,0.22570701396054352,-0.028277987948206885,-0.20161945963637795,-0.4555734516094202
-1.0883020700115333,2.1796697315245197,-1.0993641783792938,-0.6483746622095806,-1.278515787135752,-0.6244483164478206,-0.18343220956176326,0.7859446618736644,-1.4812284075139466,0.22570701396054352,-1.2348054737383674,-0.20161945963637795,2.195035721390843
-0.21833121361931682,-0.9223472927056798,0.6097687952953978,1.6253775778678528,-0.3951148653901312,-0.4338370916814352,-0.18343220956176326,-0.7983217431630134,-0.23796784251863407,0.22570701396054352,-0.028277987948206885,-0.20161945963637795,-0.4555734516094202
-0.39197545694751496,-0.08097829161310487,-0.5296531871543967,-0.6483746622095806,-0.3951148653901312,0.026427077471442927,-0.18343220956176326,-0.7983217431630134,-0.23796784251863407,0.22570701396054352,-0.028277987948206885,-0.20161945963637795,-0.4555734516094202
-0.6969831344139846,-0.8863913524880485,-0.5296531871543967,0.10954275114956384,-0.8368153262629415,-0.35599418479570805,-0.18343220956176326,-0.7983217431630134,-0.23796784251863407,0.22570701396054352,-0.028277987948206885,-0.20161945963637795,-0.4555734516094202
-0.5229429815404628,-0.8863913524880485,0.04005780407050059,0.8674601645087082,-0.3951148653901312,-0.432254658872054,-0.18343220956176326,-0.7983217431630134,-0.23796784251863407,0.22570701396054352,-0.028277987948206885,-0.20161945963637795,-0.4555734516094202
-0.10971842200205455,-0.8863913524880485,-0.5296531871543967,0.8674601645087082,-0.8368153262629415,0.37510575730825096,-0.18343220956176326,-0.7983217431630134,-0.23796784251863407,0.22570701396054352,-0.028277987948206885,-0.20161945963637795,-0.4555734516094202
-0.17430076467816333,-1.0262200088899485,-1.0993641783792938,-0.6483746622095806,-0.3951148653901312,1.3176283132474287,-0.18343220956176326,-0.7983217431630134,1.0052927224766786,0.22570701396054352,1.1782494978419535,-0.20161945963637795,-0.4555734516094202
-0.19583707881844964,-0.7009343976813182,-1.669075169604191,-0.6483746622095806,-0.3951148653901312,1.2647207112368015,-0.18343220956176326,-0.7983217431630134,1.0052927224766786,0.22570701396054352,1.1782494978419535,-0.20161945963637795,-0.4555734516094202
-0.17430076467816333,-1.0262200088899485,-1.0993641783792938,-0.6483746622095806,-0.3951148653901312,1.3176283132474294,-0.18343220956176326,-0.7983217431630134,1.0052927224766786,0.22570701396054352,1.1782494978419535,-0.20161945963637795,-0.4555734516094202
-0.641893505403586,2.133907625792989,-0.5296531871543967,-0.6483746622095806,-1.278515787135752,-0.7587952635473146,-0.18343220956176326,0.7859446618736644,-1.4812284075139466,0.22570701396054352,-1.2348054737383674,-0.20161945963637795,2.195035721390843
-0.10944736216246333,-1.3897745155348877,1.7491907777451923,1.6253775778678528,-0.3951148653901312,-1.0943988924944874,-0.18343220956176326,-0.7983217431630134,-0.23796784251863407,1.569451097074477,1.1782494978419535,-0.20161945963637795,-0.4555734516094202
-0.8490910636018955,-0.383008189441209,-1.0993641783792938,-0.6483746622095806,-0.8368153262629415,-0.10791986962805149,-0.18343220956176326,-0.7983217431630134,-0.23796784251863407,0.22570701396054352,-0.028277987948206885,-0.20161945963637795,-0.4555734516094202
-0.6969831344139846,-0.8863913524880485,-0.5296531871543967,0.10954275114956384,-0.3951148653901312,-0.5752330576590823,-0.18343220956176326,-0.7983217431630134,-0.23796784251863407,0.22570701396054352,-0.028277987948206885,-0.20161945963637795,-0.4555734516094202
-0.4466691764125895,-1.3897745155348877,-1.0993641783792938,0.10954275114956384,0.04658559548267922,0.853272196627868,-0.18343220956176326,-0.7983217431630134,1.0052927224766786,-1.1180370691533899,-0.028277987948206885,-0.20161945963637795,-0.4555734516094202
-0.206927594856638,0.3552871163608223,-0.5296531871543967,-0.6483746622095806,-0.3951148653901312,0.33290754905808234,-0.18343220956176326,0.7859446618736644,-0.23796784251863407,-1.1180370691533899,-1.2348054737383674,-0.20161945963637795,-0.4555734516094202
-1.513570230024518,-0.4549200698764719,-0.5296531871543967,0.10954275114956384,-1.278515787135752,-1.313206192773485,-0.18343220956176326,-0.7983217431630134,-1.4812284075139466,0.22570701396054352,-1.2348054737383674,-0.20161945963637795,-0.4555734516094202
1.827754818905549,0.6018719121721728,0.6097687952953978,0.10954275114956384,1.8133874389739209,1.274854674884759,-0.18343220956176326,0.7859446618736644,1.0052927224766786,-1.1180370691533899,-0.028277987948206885,-0.20161945963637795,2.195035721390843
0.16285502660062415,-1.0262200088899485,-0.5296531871543967,-0.6483746622095806,-0.3951148653901312,0.4900319381107922,-0.18343220956176326,0.7859446618736644,1.0052927224766786,-1.1180370691533899,-0.028277987948206885,-0.20161945963637795,-0.4555734516094202
0.2936441140700697,-0.7009343976813182,0.04005780407050059,-0.6483746622095806,0.04658559548267922,0.3857352302197511,-0.18343220956176326,0.7859446618736644,1.0052927224766786,-1.1180370691533899,-0.028277987948206885,-0.20161945963637795,-0.4555734516094202
-0.5444792956807498,-0.4549200698764719,-0.5296531871543967,0.10954275114956384,-0.3951148653901312,-0.3287411753008076,-0.18343220956176326,-0.7983217431630134,-0.23796784251863407,0.22570701396054352,-0.028277987948206885,-0.20161945963637795,-0.4555734516094202
-1.665678159212429,0.47993437578194476,-1.0993641783792938,0.10954275114956384,-1.278515787135752,-1.4777632207793499,-0.18343220956176326,-0.7983217431630134,-1.4812284075139466,0.22570701396054352,-1.2348054737383674,-0.20161945963637795,-0.4555734516094202
-0.5012282302766742,-0.8863913524880485,-0.5296531871543967,0.10954275114956384,-0.8368153262629415,0.04001362179441372,-0.18343220956176326,-0.7983217431630134,-0.23796784251863407,0.22570701396054352,-0.028277987948206885,-0.20161945963637795,-0.4555734516094202
-0.21793530407399317,-0.08097829161310487,0.04005780407050059,0.10954275114956384,0.04658559548267922,-0.32186798229036373,-0.18343220956176326,-0.7983217431630134,-0.23796784251863407,0.22570701396054352,-0.028277987948206885,-0.20161945963637795,-0.4555734516094202
-1.9922221508191853,-0.2991109956000692,-1.669075169604191,-0.6483746622095806,-1.7202162480085623,-1.0720050706162727,-0.18343220956176326,-0.7983217431630134,-1.4812284075139466,0.22570701396054352,-1.2348054737383674,-0.20161945963637795,-0.4555734516094202
-1.5242772720709512,-0.4549200698764719,-0.5296531871543967,0.8674601645087082,-1.278515787135752,-1.5249165216649547,-0.18343220956176326,-0.7983217431630134,-1.4812284075139466,0.22570701396054352,-1.2348054737383674,-0.20161945963637795,-0.4555734516094202
0.4349497588371466,-1.3897745155348877,0.6097687952953978,0.8674601645087082,-0.3951148653901312,0.5902526827049431,-0.18343220956176326,-0.7983217431630134,1.0052927224766786,1.569451097074477,2.384776983632114,-0.20161945963637795,-0.4555734516094202
-0.9908878602886971,-0.8444427555674784,-1.0993641783792938,-0.6483746622095806,-0.3951148653901312,-0.05654674791742978,-0.18343220956176326,-0.7983217431630134,-0.23796784251863407,0.22570701396054352,-0.028277987948206885,-0.20161945963637795,-0.4555734516094202
-0.9804178166045433,0.47993437578194476,0.04005780407050059,0.10954275114956384,-0.3951148653901312,-2.0783843848734125,-0.18343220956176326,-0.7983217431630134,-1.4812284075139466,0.22570701396054352,-1.2348054737383674,-0.20161945963637795,-0.4555734516094202
-2.14472598955242,-1.3897745155348877,-1.669075169604191,-0.6483746622095806,-1.7202162480085623,-1.3184969529745478,-0.18343220956176326,-0.7983217431630134,-1.4812284075139466,0.22570701396054352,-1.2348054737383674,-0.20161945963637795,-0.4555734516094202
-0.15276445053787702,-1.00483444967554,-0.5296531871543967,0.10954275114956384,-0.8368153262629415,0.8504909510841058,-0.18343220956176326,-0.7983217431630134,1.0052927224766786,0.22570701396054352,1.1782494978419535,-0.20161945963637795,-0.4555734516094202
-0.838261791508042,-0.2991109956000692,-0.5296531871543967,-0.6483746622095806,-0.3951148653901312,-0.49419331681500933,-0.18343220956176326,-0.7983217431630134,-1.4812284075139466,1.569451097074477,-0.028277987948206885,-0.20161945963637795,-0.4555734516094202
-0.838261791508042,-0.2991109956000692,-0.5296531871543967,-0.6483746622095806,-0.3951148653901312,-0.49419331681500933,-0.18343220956176326,-0.7983217431630134,-1.4812284075139466,1.569451097074477,-0.028277987948206885,-0.20161945963637795,-0.4555734516094202
-0.6431690015371891,-0.7948671410249866,-0.5296531871543967,-0.6483746622095806,-1.7202162480085623,-0.2628224590797112,-0.18343220956176326,0.7859446618736644,-0.23796784251863407,0.22570701396054352,-0.028277987948206885,-0.20161945963637795,-0.4555734516094202
-0.838657701053366,-0.7948671410249866,0.04005780407050059,0.10954275114956384,-1.7202162480085623,-1.0203122655098165,-0.18343220956176326,0.7859446618736644,-0.23796784251863407,0.22570701396054352,-0.028277987948206885,-0.20161945963637795,-0.4555734516094202
-0.6861538623201312,-0.2991109956000692,0.04005780407050059,-0.6483746622095806,-1.278515787135752,-0.7781520931651003,-0.18343220956176326,0.7859446618736644,-0.23796784251863407,0.22570701396054352,-0.028277987948206885,-0.20161945963637795,-0.4555734516094202
-0.6969831344139846,-0.8863913524880485,-0.5296531871543967,0.10954275114956384,-0.8368153262629415,-0.07115627910707145,-0.18343220956176326,-0.7983217431630134,-0.23796784251863407,0.22570701396054352,-0.028277987948206885,-0.20161945963637795,-0.4555734516094202
1.7406150605481965,-0.2991109956000692,1.179479786520295,1.6253775778678528,0.4882860563554896,1.1506576756030131,-0.18343220956176326,0.7859446618736644,2.2485532874719913,-1.1180370691533899,1.1782494978419535,-0.20161945963637795,-0.4555734516094202
1.0450603561444873,0.03283007568444081,0.6097687952953978,-0.6483746622095806,0.9299865172283,0.2765633505422325,-0.18343220956176326,0.7859446618736644,1.0052927224766786,0.22570701396054352,1.1782494978419535,-0.20161945963637795,-0.4555734516094202
0.6855888671883344,0.6767458380258219,1.179479786520295,0.10954275114956384,0.9299865172283,-0.6849643832793116,-0.18343220956176326,0.7859446618736644,-0.23796784251863407,0.22570701396054352,-0.028277987948206885,-0.20161945963637795,-0.4555734516094202
0.8710202032709662,0.03283007568444081,0.04005780407050059,-0.6483746622095806,0.04658559548267922,0.8855602196071639,-0.18343220956176326,0.7859446618736644,1.0052927224766786,0.22570701396054352,1.1782494978419535,-0.20161945963637795,-0.4555734516094202
1.2842713625541258,-0.6044967811818182,0.6097687952953978,-0.6483746622095806,0.4882860563554896,1.1930956464000573,-0.18343220956176326,0.7859446618736644,1.0052927224766786,1.569451097074477,2.384776983632114,-0.20161945963637795,-0.4555734516094202
1.8178906823117706,0.5491828532381238,1.179479786520295,-0.6483746622095806,1.8133874389739209,0.9677188523366574,-0.18343220956176326,0.7859446618736644,1.0052927224766786,0.22570701396054352,1.1782494978419535,-0.20161945963637795,-0.4555734516094202
1.034231084050634,0.24622076436734078,0.04005780407050059,-0.6483746622095806,0.9299865172283,0.8264987122267199,-0.18343220956176326,0.7859446618736644,1.0052927224766786,0.22570701396054352,1.1782494978419535,-0.20161945963637795,-0.4555734516094202
1.5237122769391533,-0.02644511561636429,1.7491907777451923,0.10954275114956384,1.3716869781011103,0.03536222838502021,-0.18343220956176326,0.7859446618736644,1.0052927224766786,0.22570701396054352,1.1782494978419535,-0.20161945963637795,-0.4555734516094202
-0.5774582638820357,-1.3897745155348877,-1.669075169604191,-0.6483746622095806,-1.278515787135752,1.0466007302588467,-0.18343220956176326,-0.7983217431630134,1.0052927224766786,0.22570701396054352,1.1782494978419535,-0.20161945963637795,-0.4555734516094202
1.5128830048453,0.1807809531712516,1.179479786520295,0.10954275114956384,1.3716869781011103,0.5852975900695069,-0.18343220956176326,0.7859446618736644,1.0052927224766786,0.22570701396054352,1.1782494978419535,-0.20161945963637795,-0.4555734516094202
0.838092705921568,0.9006188763282321,1.179479786520295,0.10954275114956384,1.3716869781011103,-0.3731931514916096,-0.18343220956176326,0.7859446618736644,-0.23796784251863407,0.22570701396054352,-0.028277987948206885,-0.20161945963637795,-0.4555734516094202
1.1975641948777223,0.24622076436734078,0.6097687952953978,0.8674601645087082,0.9299865172283,0.49258940527746986,-0.18343220956176326,0.7859446618736644,1.0052927224766786,0.22570701396054352,1.1782494978419535,-0.20161945963637795,-0.4555734516094202
0.5551832537106418,-0.19995976651508535,-0.5296531871543967,-0.6483746622095806,-0.3951148653901312,0.8132318512995825,-0.18343220956176326,0.7859446618736644,1.0052927224766786,0.22570701396054352,1.1782494978419535,-0.20161945963637795,-0.4555734516094202
1.6208382550446363,-0.4974134537700363,2.8886127601949867,4.65704723130443,-0.3951148653901312,0.19024883366688738,-0.18343220956176326,0.7859446618736644,2.2485532874719913,-1.1180370691533899,1.1782494978419535,-0.20161945963637795,-0.4555734516094202
0.16285502660062415,-1.0262200088899485,-0.5296531871543967,-0.6483746622095806,-0.3951148653901312,0.4900319381107922,-0.18343220956176326,0.7859446618736644,1.0052927224766786,-1.1180370691533899,-0.028277987948206885,-0.20161945963637795,-0.4555734516094202
-0.206927594856638,0.3552871163608223,-0.5296531871543967,-0.6483746622095806,-0.3951148653901312,0.33290754905808234,-0.18343220956176326,0.7859446618736644,-0.23796784251863407,-1.1180370691533899,-1.2348054737383674,-0.20161945963637795,-0.4555734516094202
-0.4026824989939478,0.3552871163608223,-0.5296531871543967,-0.6483746622095806,-0.3951148653901312,0.22173764815659713,-0.18343220956176326,0.7859446618736644,-0.23796784251863407,-1.1180370691533899,-1.2348054737383674,-0.20161945963637795,-0.4555734516094202
0.47863576908486544,-0.6198943838161921,1.7491907777451923,1.6253775778678528,0.4882860563554896,-1.2781369242504284,-0.18343220956176326,-0.7983217431630134,-0.23796784251863407,1.569451097074477,1.1782494978419535,-0.20161945963637795,-0.4555734516094202
0.370392287268176,1.689746011339895,1.179479786520295,0.8674601645087082,0.04658559548267922,-0.2909545979131567,2.9471441669589966,-0.7983217431630134,-1.4812284075139466,1.569451097074477,-0.028277987948206885,4.959838707054898,-0.4555734516094202
0.4570994549445791,-0.2991109956000692,1.179479786520295,0.8674601645087082,0.04658559548267922,-0.21037839799304384,-0.18343220956176326,-0.7983217431630134,-0.23796784251863407,1.569451097074477,1.1782494978419535,-0.20161945963637795,-0.4555734516094202
0.3045956162113443,-0.6198943838161921,1.179479786520295,0.8674601645087082,0.04658559548267922,-0.45687028035131844,-0.18343220956176326,-0.7983217431630134,-0.23796784251863407,1.569451097074477,1.1782494978419535,-0.20161945963637795,-0.4555734516094202
0.3045956162113443,-0.6198943838161921,1.179479786520295,0.8674601645087082,0.04658559548267922,-0.45687028035131844,-0.18343220956176326,-0.7983217431630134,-0.23796784251863407,1.569451097074477,1.1782494978419535,-0.20161945963637795,-0.4555734516094202
-0.35921396116805093,0.47993437578194476,0.04005780407050059,0.8674601645087082,0.04658559548267922,-0.9508610477647478,-0.18343220956176326,0.7859446618736644,-0.23796784251863407,-1.1180370691533899,-1.2348054737383674,-0.20161945963637795,2.195035721390843
0.34784668161541926,-0.9807756955593306,1.179479786520295,0.8674601645087082,0.04658559548267922,-0.7940563421078722,-0.18343220956176326,-0.7983217431630134,-0.23796784251863407,1.569451097074477,1.1782494978419535,-0.20161945963637795,-0.4555734516094202
0.3045956162113443,-0.6198943838161921,1.179479786520295,0.8674601645087082,0.04658559548267922,-0.6587343606510827,-0.18343220956176326,-0.7983217431630134,-0.23796784251863407,1.569451097074477,1.1782494978419535,-0.20161945963637795,-0.4555734516094202
0.15209177747810945,-0.9807756955593306,1.179479786520295,0.8674601645087082,0.04658559548267922,-0.9052262430093575,-0.18343220956176326,-0.7983217431630134,-0.23796784251863407,1.569451097074477,1.1782494978419535,-0.20161945963637795,-0.4555734516094202
0.06538460980170638,1.2278179323086782,1.179479786520295,0.8674601645087082,-0.3951148653901312,-0.7993311181391436,2.9471441669589966,-0.7983217431630134,-1.4812284075139466,1.569451097074477,-0.028277987948206885,4.959838707054898,-0.4555734516094202
-0.2396230676647633,0.6237581366524706,1.179479786520295,0.8674601645087082,0.04658559548267922,-1.536760791480627,2.9471441669589966,-0.7983217431630134,-1.4812284075139466,1.569451097074477,-0.028277987948206885,4.959838707054898,-0.4555734516094202
-0.6644953181324244,-0.7353764035739964,1.179479786520295,0.10954275114956384,-0.8368153262629415,-1.8190412300025864,-0.18343220956176326,-0.7983217431630134,-1.4812284075139466,1.569451097074477,-0.028277987948206885,-0.20161945963637795,-0.4555734516094202
-0.7950669331800486,-0.6626655022450085,1.179479786520295,0.8674601645087082,-0.8368153262629415,-1.9348465401436736,-0.18343220956176326,-0.7983217431630134,-1.4812284075139466,1.569451097074477,-0.028277987948206885,-0.20161945963637795,-0.4555734516094202
-0.8164517978698517,0.12037497360563043,-1.0993641783792938,0.10954275114956384,-0.3951148653901312,0.26046729156195997,-0.18343220956176326,-0.7983217431630134,-0.23796784251863407,-1.1180370691533899,-1.2348054737383674,-0.20161945963637795,-0.4555734516094202
-0.9474193224627999,-0.7948671410249866,-0.5296531871543967,0.10954275114956384,0.04658559548267922,-0.4721351625024211,-0.18343220956176326,-0.7983217431630134,-0.23796784251863407,-1.1180370691533899,-1.2348054737383674,-0.20161945963637795,-0.4555734516094202
4.0478954095303195,-0.32858838803074003,2.8886127601949867,1.6253775778678528,1.8133874389739209,3.3467227632888603,2.9471441669589966,2.3702110669103424,2.2485532874719913,-1.1180370691533899,1.1782494978419535,-0.20161945963637795,2.195035721390843
-0.206927594856638,0.3552871163608223,-0.5296531871543967,-0.6483746622095806,-0.3951148653901312,0.33290754905808234,-0.18343220956176326,0.7859446618736644,-0.23796784251863407,-1.1180370691533899,-1.2348054737383674,-0.20161945963637795,-0.4555734516094202
0.3045956162113443,-0.6198943838161921,1.179479786520295,0.8674601645087082,0.04658559548267922,-0.45687028035131844,-0.18343220956176326,-0.7983217431630134,-0.23796784251863407,1.569451097074477,1.1782494978419535,-0.20161945963637795,-0.4555734516094202
-0.08696777948104527,0.5349258137618514,-0.5296531871543967,1.6253775778678528,-0.8368153262629415,0.22821123692224957,-0.18343220956176326,0.7859446618736644,1.0052927224766786,-1.1180370691533899,-0.028277987948206885,-0.20161945963637795,-0.4555734516094202
-0.8169991568656592,-1.3897745155348877,1.179479786520295,0.8674601645087082,-0.8368153262629415,-1.560177600225512,-0.18343220956176326,-0.7983217431630134,-1.4812284075139466,1.569451097074477,-0.028277987948206885,-0.20161945963637795,-0.4555734516094202
0.31580624573107163,2.2912148642451267,1.179479786520295,0.10954275114956384,0.9299865172283,-0.8420887723320217,-0.18343220956176326,0.7859446618736644,-1.4812284075139466,0.22570701396054352,-1.2348054737383674,-0.20161945963637795,-0.4555734516094202
1.1867349227838688,0.4425401979556084,0.04005780407050059,-0.6483746622095806,0.9299865172283,1.0729905945849956,-0.18343220956176326,0.7859446618736644,1.0052927224766786,0.22570701396054352,1.1782494978419535,-0.20161945963637795,-0.4555734516094202
0.45699713532749753,1.5186615376246295,-0.5296531871543967,0.10954275114956384,0.9299865172283,0.8671784243466724,-0.18343220956176326,0.7859446618736644,-0.23796784251863407,-1.1180370691533899,-1.2348054737383674,-0.20161945963637795,2.195035721390843
1.654679801532103,0.37206655512905057,1.179479786520295,0.10954275114956384,1.3716869781011103,0.31468559549550984,-0.18343220956176326,0.7859446618736644,1.0052927224766786,0.22570701396054352,1.1782494978419535,-0.20161945963637795,-0.4555734516094202
1.4037599364403326,0.24622076436734078,0.04005780407050059,-0.6483746622095806,0.9299865172283,1.3487015393225545,-0.18343220956176326,0.7859446618736644,1.0052927224766786,0.22570701396054352,1.1782494978419535,-0.20161945963637795,-0.4555734516094202
1.3710862081584991,-0.2991109956000692,1.179479786520295,1.6253775778678528,0.4882860563554896,0.6284548485071803,-0.18343220956176326,0.7859446618736644,2.2485532874719913,-1.1180370691533899,1.1782494978419535,-0.20161945963637795,-0.4555734516094202
1.3607750756573893,0.4425401979556084,0.6097687952953978,-0.6483746622095806,1.3716869781011103,0.8333719052371635,-0.18343220956176326,0.7859446618736644,1.0052927224766786,0.22570701396054352,1.1782494978419535,-0.20161945963637795,-0.4555734516094202
0.5660125258044965,-0.4549200698764719,0.04005780407050059,-0.6483746622095806,-0.3951148653901312,0.26329648961509666,-0.18343220956176326,0.7859446618736644,1.0052927224766786,0.22570701396054352,1.1782494978419535,-0.20161945963637795,-0.4555734516094202
0.1633024069978368,2.100348748256533,1.179479786520295,0.10954275114956384,0.4882860563554896,-1.1538600041197238,-0.18343220956176326,0.7859446618736644,-1.4812284075139466,0.22570701396054352,-1.2348054737383674,-0.20161945963637795,-0.4555734516094202
-0.33816132407071947,-1.3897745155348877,-0.5296531871543967,1.6253775778678528,-0.3951148653901312,0.7253988382940237,-0.18343220956176326,-0.7983217431630134,1.0052927224766786,-1.1180370691533899,-0.028277987948206885,-0.20161945963637795,-0.4555734516094202
-0.33801734949700646,-0.9223472927056798,-0.5296531871543967,0.8674601645087082,0.04658559548267922,0.16707178746887977,-0.18343220956176326,-0.7983217431630134,1.0052927224766786,-1.1180370691533899,-0.028277987948206885,-0.20161945963637795,-0.4555734516094202
-0.8278284289595126,-1.3897745155348877,0.6097687952953978,0.8674601645087082,-0.8368153262629415,-1.0766564640256664,-0.18343220956176326,-0.7983217431630134,-1.4812284075139466,1.569451097074477,-0.028277987948206885,-0.20161945963637795,-0.4555734516094202
-1.1214594753363214,-0.7948671410249866,-1.0993641783792938,0.10954275114956384,-0.3951148653901312,-0.23251647315459018,-0.18343220956176326,-0.7983217431630134,-0.23796784251863407,-1.1180370691533899,-1.2348054737383674,-0.20161945963637795,-0.4555734516094202
0.47890944858276857,0.6767458380258219,0.6097687952953978,0.10954275114956384,0.04658559548267922,0.4604612239960921,2.9471441669589966,-0.7983217431630134,-1.4812284075139466,2.9131951801884104,1.1782494978419535,4.959838707054898,-0.4555734516094202
1.4039699339853837,-0.19995976651508535,2.3189017689700893,4.65704723130443,1.3716869781011103,0.3328276282091235,-0.18343220956176326,-0.7983217431630134,1.0052927224766786,1.569451097074477,2.384776983632114,-0.20161945963637795,-0.4555734516094202
-1.4478812368956575,-0.6626655022450085,-1.0993641783792938,0.10954275114956384,-1.7202162480085623,-1.5264510019649613,-0.18343220956176326,0.7859446618736644,-0.23796784251863407,-1.1180370691533899,-1.2348054737383674,-0.20161945963637795,-0.4555734516094202
-1.2846703561159893,-0.08097829161310487,-1.0993641783792938,-1.406292075568725,-1.278515787135752,-0.9768353236763098,-0.18343220956176326,0.7859446618736644,-0.23796784251863407,-1.1180370691533899,-1.2348054737383674,-0.20161945963637795,-0.4555734516094202
-1.589678033582459,-1.3897745155348877,-1.0993641783792938,-0.6483746622095806,-1.7202162480085623,-1.057635301973507,-0.18343220956176326,0.7859446618736644,-0.23796784251863407,-1.1180370691533899,-1.2348054737383674,-0.20161945963637795,-0.4555734516094202
2.122067893317542,0.24622076436734078,0.04005780407050059,-1.406292075568725,0.04658559548267922,2.4397010484571147,-0.18343220956176326,2.3702110669103424,-0.23796784251863407,1.569451097074477,1.1782494978419535,-0.20161945963637795,-0.4555734516094202
-1.5784528519432817,0.24622076436734078,-1.0993641783792938,-0.6483746622095806,-1.7202162480085623,-0.6890882990855784,-0.18343220956176326,-0.7983217431630134,-1.4812284075139466,1.569451097074477,-0.028277987948206885,-0.20161945963637795,-0.4555734516094202
0.054159428162528056,-0.9535091075609606,1.179479786520295,0.8674601645087082,0.9299865172283,0.057180620150732164,-0.18343220956176326,-0.7983217431630134,1.0052927224766786,-1.1180370691533899,-0.028277987948206885,-0.20161945963637795,-0.4555734516094202
0.9033857895051072,-0.4549200698764719,1.179479786520295,3.1412124045861414,0.9299865172283,0.49163035508996544,-0.18343220956176326,-0.7983217431630134,1.0052927224766786,1.569451097074477,2.384776983632114,-0.20161945963637795,-0.4555734516094202
-0.20658789238739556,1.4147888214403608,0.6097687952953978,0.10954275114956384,-0.3951148653901312,-0.7427471570764174,-0.18343220956176326,0.7859446618736644,-0.23796784251863407,0.22570701396054352,-0.028277987948206885,-0.20161945963637795,2.195035721390843
0.17305886566364498,0.12037497360563043,0.04005780407050059,0.10954275114956384,0.9299865172283,0.4355259191209925,-0.18343220956176326,-0.7983217431630134,-0.23796784251863407,0.22570701396054352,-0.028277987948206885,-0.20161945963637795,-0.4555734516094202
-0.5554600172250864,-0.2991109956000692,0.6097687952953978,0.10954275114956384,-0.3951148653901312,-0.7950953131443347,-0.18343220956176326,-0.7983217431630134,-0.23796784251863407,1.569451097074477,1.1782494978419535,-0.20161945963637795,-0.4555734516094202
-0.6210267803065271,-0.6626655022450085,1.7491907777451923,1.6253775778678528,-0.8368153262629415,-1.810473714994219,-0.18343220956176326,-0.7983217431630134,-1.4812284075139466,1.569451097074477,-0.028277987948206885,-0.20161945963637795,-0.4555734516094202
-0.26155529135037386,-0.8863913524880485,1.179479786520295,1.6253775778678528,-0.3951148653901312,-0.905082385481232,-0.18343220956176326,-0.7983217431630134,-0.23796784251863407,0.22570701396054352,-0.028277987948206885,-0.20161945963637795,-0.4555734516094202
1.2272780744314862,-0.6198943838161921,-1.669075169604191,-0.6483746622095806,-0.3951148653901312,2.7665773206980018,-0.18343220956176326,-0.7983217431630134,1.0052927224766786,0.22570701396054352,1.1782494978419535,-0.20161945963637795,-0.4555734516094202
0.6208722468395034,-0.2991109956000692,-1.0993641783792938,-1.406292075568725,0.04658559548267922,1.7782761024753095,-0.18343220956176326,2.3702110669103424,2.2485532874719913,-1.1180370691533899,1.1782494978419535,-0.20161945963637795,-0.4555734516094202
0.6425307910272102,-0.19995976651508535,0.04005780407050059,-1.406292075568725,0.04658559548267922,0.811233830075617,-0.18343220956176326,2.3702110669103424,-0.23796784251863407,1.569451097074477,1.1782494978419535,-0.20161945963637795,-0.4555734516094202
0.07522883596514517,-1.3897745155348877,1.7491907777451923,0.8674601645087082,0.04658559548267922,-0.5765917120913797,-0.18343220956176326,-0.7983217431630134,-1.4812284075139466,2.9131951801884104,1.1782494978419535,-0.20161945963637795,-0.4555734516094202
-0.20729925881990768,0.01250715295273607,-0.5296531871543967,0.10954275114956384,0.4882860563554896,0.33156487879557633,-0.18343220956176326,-0.7983217431630134,-0.23796784251863407,0.22570701396054352,-0.028277987948206885,-0.20161945963637795,-0.4555734516094202
0.533085028455099,0.4279980176898107,1.179479786520295,0.10954275114956384,0.4882860563554896,-0.8403305136549314,-0.18343220956176326,0.7859446618736644,-0.23796784251863407,0.22570701396054352,-0.028277987948206885,-0.20161945963637795,-0.4555734516094202
0.42336558638508387,1.8822160442695695,3.458323751419884,3.1412124045861414,0.9299865172283,-3.0292826457834554,2.9471441669589966,-0.7983217431630134,-1.4812284075139466,-1.1180370691533899,-2.441332959528528,4.959838707054898,-0.4555734516094202
0.6855888671883344,0.6767458380258219,1.179479786520295,0.10954275114956384,0.9299865172283,-0.6849643832793116,-0.18343220956176326,0.7859446618736644,-0.23796784251863407,0.22570701396054352,-0.028277987948206885,-0.20161945963637795,-0.4555734516094202
0.6425307910272102,-0.19995976651508535,0.04005780407050059,-1.406292075568725,0.04658559548267922,0.8112338300756163,-0.18343220956176326,2.3702110669103424,-0.23796784251863407,1.569451097074477,1.1782494978419535,-0.20161945963637795,-0.4555734516094202
1.2740679079809873,1.33688428430216,0.6097687952953978,-0.6483746622095806,2.255087899846731,0.7309932977211292,-0.18343220956176326,0.7859446618736644,1.0052927224766786,-1.1180370691533899,-0.028277987948206885,-0.20161945963637795,2.195035721390843
1.6006118995877434,1.4895771770930346,1.179479786520295,-0.6483746622095806,2.6967883607195415,0.7378664907315735,-0.18343220956176326,0.7859446618736644,1.0052927224766786,-1.1180370691533899,-0.028277987948206885,-0.20161945963637795,2.195035721390843
1.4698228121182972,1.33688428430216,0.6097687952953978,-0.6483746622095806,2.255087899846731,0.8421631986226147,-0.18343220956176326,0.7859446618736644,1.0052927224766786,-1.1180370691533899,-0.028277987948206885,-0.20161945963637795,2.195035721390843
0.9042852865237253,2.661261415651583,0.6097687952953978,-0.6483746622095806,2.255087899846731,0.15820057323446732,-0.18343220956176326,0.7859446618736644,-0.23796784251863407,-1.1180370691533899,-1.2348054737383674,-0.20161945963637795,2.195035721390843
0.5876710699922033,-0.01209427982774857,1.179479786520295,0.8674601645087082,-0.3951148653901312,-0.20400071424614313,2.9471441669589966,-0.7983217431630134,-0.23796784251863407,1.569451097074477,1.1782494978419535,-0.20161945963637795,-0.4555734516094202
1.0538766859942188,-1.00483444967554,0.04005780407050059,-0.6483746622095806,-0.3951148653901312,1.2318412739752116,-0.18343220956176326,-0.7983217431630134,1.0052927224766786,0.22570701396054352,1.1782494978419535,-0.20161945963637795,-0.4555734516094202
-0.6753245902262778,-0.7948671410249866,0.6097687952953978,0.10954275114956384,-0.8368153262629415,-1.3355200938027407,-0.18343220956176326,-0.7983217431630134,-1.4812284075139466,1.569451097074477,-0.028277987948206885,-0.20161945963637795,-0.4555734516094202
-0.6753245902262778,-0.7948671410249866,0.6097687952953978,0.10954275114956384,-0.8368153262629415,-1.3978583559904896,-0.18343220956176326,-0.7983217431630134,-1.4812284075139466,1.569451097074477,-0.028277987948206885,-0.20161945963637795,-0.4555734516094202
-0.6425630944468137,-0.08097829161310487,1.179479786520295,0.10954275114956384,-0.8368153262629415,-1.8641965096642248,-0.18343220956176326,-0.7983217431630134,-1.4812284075139466,1.569451097074477,-0.028277987948206885,-0.20161945963637795,-0.4555734516094202
-0.6972568139118883,-0.7948671410249866,0.6097687952953978,0.10954275114956384,-1.278515787135752,-1.5379596042150068,-0.18343220956176326,0.7859446618736644,-1.4812284075139466,1.569451097074477,-0.028277987948206885,-0.20161945963637795,-0.4555734516094202
-0.2176908439791527,0.6237581366524706,1.179479786520295,0.8674601645087082,0.4882860563554896,-1.224989559692925,-0.18343220956176326,-0.7983217431630134,-1.4812284075139466,1.569451097074477,-0.028277987948206885,-0.20161945963637795,-0.4555734516094202
-0.06518700524591788,0.9473615986111528,1.179479786520295,0.8674601645087082,0.4882860563554896,-1.0283842712546405,-0.18343220956176326,-0.7983217431630134,-1.4812284075139466,1.569451097074477,-0.028277987948206885,-0.20161945963637795,-0.4555734516094202
-0.6753245902262778,-0.7948671410249866,0.6097687952953978,0.8674601645087082,-0.8368153262629415,-1.159678241923914,-0.18343220956176326,-0.7983217431630134,-1.4812284075139466,1.569451097074477,-0.028277987948206885,-0.20161945963637795,-0.4555734516094202
1.2740679079809873,1.33688428430216,0.6097687952953978,-0.6483746622095806,2.255087899846731,0.31532496228717827,-0.18343220956176326,0.7859446618736644,1.0052927224766786,-1.1180370691533899,-0.028277987948206885,-0.20161945963637795,2.195035721390843
0.708312909964593,2.0380251185459723,0.04005780407050059,-1.406292075568725,1.8133874389739209,1.0808068536131508,-0.18343220956176326,0.7859446618736644,-0.23796784251863407,-1.1180370691533899,-1.2348054737383674,-0.20161945963637795,2.195035721390843
1.078095531421855,0.7915525243347502,0.04005780407050059,-1.406292075568725,1.8133874389739209,1.237931242665861,-0.18343220956176326,0.7859446618736644,1.0052927224766786,-1.1180370691533899,-0.028277987948206885,-0.20161945963637795,2.195035721390843
0.076365331346043,0.9198658796211994,0.04005780407050059,-1.406292075568725,0.9299865172283,0.3386618501831057,-0.18343220956176326,0.7859446618736644,-0.23796784251863407,-1.1180370691533899,-1.2348054737383674,-0.20161945963637795,-0.4555734516094202
0.40290932295279897,1.15510703097969,0.6097687952953978,-1.406292075568725,1.3716869781011103,0.3455350431935494,-0.18343220956176326,0.7859446618736644,-0.23796784251863407,-1.1180370691533899,-1.2348054737383674,-0.20161945963637795,-0.4555734516094202
-1.948753612993288,-0.08097829161310487,-1.0993641783792938,0.10954275114956384,-0.8368153262629415,-1.5131042201888658,-0.18343220956176326,-0.7983217431630134,-1.4812284075139466,-1.1180370691533899,-2.441332959528528,-0.20161945963637795,-0.4555734516094202
-1.2627381324303788,-0.08097829161310487,-1.0993641783792938,0.8674601645087082,0.04658559548267922,-1.0580349062183003,-0.18343220956176326,-0.7983217431630134,-0.23796784251863407,-1.1180370691533899,-1.2348054737383674,-0.20161945963637795,-0.4555734516094202
-0.8826076973363831,-1.3897745155348877,-0.5296531871543967,0.10954275114956384,-0.3951148653901312,-0.8398509885611799,-0.18343220956176326,-0.7983217431630134,-0.23796784251863407,-1.1180370691533899,-1.2348054737383674,-0.20161945963637795,-0.4555734516094202
-1.143391699021932,-1.3897745155348877,-1.0993641783792938,0.10954275114956384,-0.8368153262629415,0.33658390811018096,-0.18343220956176326,-0.7983217431630134,-0.23796784251863407,0.22570701396054352,-0.028277987948206885,-0.20161945963637795,-0.4555734516094202
-0.9587155008943241,-1.3897745155348877,-1.0993641783792938,0.10954275114956384,-0.8368153262629415,0.22749194928162053,-0.18343220956176326,-0.7983217431630134,-0.23796784251863407,0.22570701396054352,-0.028277987948206885,-0.20161945963637795,-0.4555734516094202
-1.6437459355268182,1.4147888214403608,-1.0993641783792938,0.10954275114956384,-0.3951148653901312,-1.0047276999628794,-0.18343220956176326,-0.7983217431630134,-1.4812284075139466,-1.1180370691533899,-2.441332959528528,-0.20161945963637795,-0.4555734516094202
0.7726919444100612,-0.14330192132366645,0.6097687952953978,-1.406292075568725,1.3716869781011103,0.5026594322462596,-0.18343220956176326,0.7859446618736644,1.0052927224766786,-1.1180370691533899,-0.028277987948206885,-0.20161945963637795,-0.4555734516094202
0.2721202354833534,0.9198658796211994,0.04005780407050059,-1.406292075568725,0.9299865172283,0.4498317510845909,-0.18343220956176326,0.7859446618736644,-0.23796784251863407,-1.1180370691533899,-1.2348054737383674,-0.20161945963637795,-0.4555734516094202
0.2721202354833534,0.9198658796211994,0.04005780407050059,-1.406292075568725,0.9299865172283,0.4498317510845909,-0.18343220956176326,0.7859446618736644,-0.23796784251863407,-1.1180370691533899,-1.2348054737383674,-0.20161945963637795,-0.4555734516094202
0.2721202354833534,0.9198658796211994,0.04005780407050059,-1.406292075568725,0.9299865172283,0.4498317510845909,-0.18343220956176326,0.7859446618736644,-0.23796784251863407,-1.1180370691533899,-1.2348054737383674,-0.20161945963637795,-0.4555734516094202
0.076365331346043,0.9198658796211994,0.04005780407050059,-1.406292075568725,0.9299865172283,0.09522294425504996,-0.18343220956176326,0.7859446618736644,-0.23796784251863407,-1.1180370691533899,-1.2348054737383674,-0.20161945963637795,-0.4555734516094202
0.6419028569406156,-0.4081773475935507,0.04005780407050059,-1.406292075568725,0.9299865172283,0.6069561401373011,-0.18343220956176326,0.7859446618736644,1.0052927224766786,-1.1180370691533899,-0.028277987948206885,-0.20161945963637795,-0.4555734516094202
0.708312909964593,2.0380251185459723,0.04005780407050059,-1.406292075568725,1.8133874389739209,1.0808068536131508,-0.18343220956176326,0.7859446618736644,-0.23796784251863407,-1.1180370691533899,-1.2348054737383674,-0.20161945963637795,2.195035721390843
1.6436330570164277,-0.17792616005175613,0.04005780407050059,-1.406292075568725,1.8133874389739209,1.749664438548112,-0.18343220956176326,0.7859446618736644,2.2485532874719913,-1.1180370691533899,1.1782494978419535,-0.20161945963637795,2.195035721390843
0.7511556302697748,0.394947607994816,0.04005780407050059,0.8674601645087082,0.04658559548267922,0.9973694873003186,-0.18343220956176326,0.7859446618736644,1.0052927224766786,0.22570701396054352,1.1782494978419535,-0.20161945963637795,2.195035721390843
1.078095531421855,0.7915525243347502,0.04005780407050059,-1.406292075568725,1.8133874389739209,1.481370148593917,-0.18343220956176326,0.7859446618736644,1.0052927224766786,-1.1180370691533899,-0.028277987948206885,-0.20161945963637795,2.195035721390843
1.4046395230286117,0.9660586875243213,0.6097687952953978,-1.406292075568725,2.255087899846731,1.4882433416043606,-0.18343220956176326,0.7859446618736644,1.0052927224766786,-1.1180370691533899,-0.028277987948206885,-0.20161945963637795,2.195035721390843
1.2738504355591656,0.7915525243347502,0.04005780407050059,-1.406292075568725,1.8133874389739209,1.5925400494954023,-0.18343220956176326,0.7859446618736644,1.0052927224766786,-1.1180370691533899,-0.028277987948206885,-0.20161945963637795,2.195035721390843
1.2738504355591656,0.7915525243347502,0.04005780407050059,-1.406292075568725,1.8133874389739209,1.5925400494954023,-0.18343220956176326,0.7859446618736644,1.0052927224766786,-1.1180370691533899,-0.028277987948206885,-0.20161945963637795,2.195035721390843
1.2738504355591656,0.7915525243347502,0.04005780407050059,-1.406292075568725,1.8133874389739209,1.5925400494954023,-0.18343220956176326,0.7859446618736644,1.0052927224766786,-1.1180370691533899,-0.028277987948206885,-0.20161945963637795,2.195035721390843
1.078095531421855,0.7915525243347502,0.04005780407050059,-1.406292075568725,1.8133874389739209,1.237931242665861,-0.18343220956176326,0.7859446618736644,1.0052927224766786,-1.1180370691533899,-0.028277987948206885,-0.20161945963637795,2.195035721390843
1.7744221444858739,0.01250715295273607,0.6097687952953978,-1.406292075568725,2.255087899846731,1.6453677306570706,-0.18343220956176326,0.7859446618736644,2.2485532874719913,-1.1180370691533899,1.1782494978419535,-0.20161945963637795,2.195035721390843
0.2067194739718453,0.06444351104487085,-0.5296531871543967,0.10954275114956384,0.04658559548267922,-0.23932572948586742,-0.18343220956176326,0.7859446618736644,1.0052927224766786,-1.1180370691533899,-0.028277987948206885,-0.20161945963637795,2.195035721390843
-1.2081666430127245,2.5366141562304607,-1.0993641783792938,0.10954275114956384,-0.3951148653901312,-0.2660192930380571,2.9471441669589966,-0.7983217431630134,-1.4812284075139466,-1.1180370691533899,-2.441332959528528,4.959838707054898,-0.4555734516094202
-0.9907656302412768,-0.7948671410249866,-0.5296531871543967,0.10954275114956384,-0.8368153262629415,-0.3503357886894351,-0.18343220956176326,-0.7983217431630134,-0.23796784251863407,0.22570701396054352,-0.028277987948206885,-0.20161945963637795,-0.4555734516094202
-1.1325624269280785,-1.3897745155348877,-0.5296531871543967,0.10954275114956384,-0.8368153262629415,-0.14693722808966556,-0.18343220956176326,-0.7983217431630134,-0.23796784251863407,0.22570701396054352,-0.028277987948206885,-0.20161945963637795,-0.4555734516094202
1.2740679079809873,1.33688428430216,0.6097687952953978,-0.6483746622095806,2.255087899846731,0.31532496228717827,-0.18343220956176326,0.7859446618736644,1.0052927224766786,-1.1180370691533899,-0.028277987948206885,-0.20161945963637795,2.195035721390843
1.4698228121182972,1.33688428430216,0.6097687952953978,-0.6483746622095806,2.255087899846731,0.8421631986226147,-0.18343220956176326,0.7859446618736644,1.0052927224766786,-1.1180370691533899,-0.028277987948206885,-0.20161945963637795,2.195035721390843
1.4698228121182972,1.33688428430216,0.6097687952953978,-0.6483746622095806,2.255087899846731,0.8421631986226147,-0.18343220956176326,0.7859446618736644,1.0052927224766786,-1.1180370691533899,-0.028277987948206885,-0.20161945963637795,2.195035721390843
1.9703945210450056,0.47993437578194476,1.179479786520295,-0.6483746622095806,2.6967883607195415,0.8949908797842838,-0.18343220956176326,0.7859446618736644,2.2485532874719913,-1.1180370691533899,1.1782494978419535,-0.20161945963637795,2.195035721390843
1.8396054335755594,0.30681318214149694,0.6097687952953978,-0.6483746622095806,2.255087899846731,0.9992875876753253,-0.18343220956176326,0.7859446618736644,2.2485532874719913,-1.1180370691533899,1.1782494978419535,-0.20161945963637795,2.195035721390843
1.4698228121182972,1.33688428430216,0.6097687952953978,-0.6483746622095806,2.255087899846731,0.8421631986226147,-0.18343220956176326,0.7859446618736644,1.0052927224766786,-1.1180370691533899,-0.028277987948206885,-0.20161945963637795,2.195035721390843
-0.3485069191216174,0.47993437578194476,0.04005780407050059,-0.6483746622095806,-0.3951148653901312,-0.45215495026275815,-0.18343220956176326,-0.7983217431630134,-0.23796784251863407,0.22570701396054352,-0.028277987948206885,-0.20161945963637795,-0.4555734516094202
-1.4260712432574671,-0.08097829161310487,-1.669075169604191,-0.6483746622095806,0.04658559548267922,-0.20863612348574498,-0.18343220956176326,-0.7983217431630134,-0.23796784251863407,-1.1180370691533899,-1.2348054737383674,-0.20161945963637795,-0.4555734516094202
-1.2188736850591577,2.5366141562304607,-1.0993641783792938,0.8674601645087082,-0.3951148653901312,-0.7449849408472601,2.9471441669589966,-0.7983217431630134,-1.4812284075139466,-1.1180370691533899,-2.441332959528528,4.959838707054898,-0.4555734516094202
-1.2520310903839456,-0.08097829161310487,-1.0993641783792938,0.10954275114956384,0.04658559548267922,-1.031181500968193,-0.18343220956176326,-0.7983217431630134,-0.23796784251863407,-1.1180370691533899,-1.2348054737383674,-0.20161945963637795,-0.4555734516094202
-1.1214594753363214,-0.7948671410249866,-1.0993641783792938,-0.6483746622095806,-0.3951148653901312,-0.4083583250334168,-0.18343220956176326,-0.7983217431630134,-0.23796784251863407,-1.1180370691533899,-1.2348054737383674,-0.20161945963637795,-0.4555734516094202
-1.2846703561159893,-0.08097829161310487,-1.0993641783792938,-0.6483746622095806,-1.7202162480085623,-1.1712827491927102,-0.18343220956176326,0.7859446618736644,-0.23796784251863407,-1.1180370691533899,-1.2348054737383674,-0.20161945963637795,-0.4555734516094202
-1.4260712432574674,-0.08097829161310487,-1.669075169604191,-0.6483746622095806,0.04658559548267922,-0.5772310788830488,-0.18343220956176326,-0.7983217431630134,-0.23796784251863407,-1.1180370691533899,-1.2348054737383674,-0.20161945963637795,-0.4555734516094202
-0.3809677477301592,0.3552871163608223,-1.0993641783792938,-0.6483746622095806,-0.3951148653901312,0.25170796651609145,-0.18343220956176326,0.7859446618736644,-0.23796784251863407,-1.1180370691533899,-1.2348054737383674,-0.20161945963637795,-0.4555734516094202
-1.4480034669430777,-1.3897745155348877,-1.669075169604191,-0.6483746622095806,-0.3951148653901312,-0.38765882515312583,-0.18343220956176326,-0.7983217431630134,-0.23796784251863407,-1.1180370691533899,-1.2348054737383674,-0.20161945963637795,-0.4555734516094202
-1.404686378567664,-1.3897745155348877,0.6097687952953978,0.10954275114956384,-1.7202162480085623,-2.619848136568281,-0.18343220956176326,-0.7983217431630134,-1.4812284075139466,1.569451097074477,-0.028277987948206885,-0.20161945963637795,-0.4555734516094202
-0.29341729011121914,2.817070489927986,0.04005780407050059,-1.406292075568725,0.9299865172283,-0.0619014447976596,-0.18343220956176326,0.7859446618736644,-1.4812284075139466,-1.1180370691533899,-2.441332959528528,-0.20161945963637795,-0.4555734516094202
-0.20642189081746323,0.06444351104487085,-1.0993641783792938,-0.6483746622095806,-0.3951148653901312,0.24619342793794485,-0.18343220956176326,2.3702110669103424,1.0052927224766786,-1.1180370691533899,-0.028277987948206885,-0.20161945963637795,-0.4555734516094202
-0.3588180516227266,1.6640833402826056,-0.5296531871543967,0.10954275114956384,0.9299865172283,-0.879811413040506,-0.18343220956176326,0.7859446618736644,-0.23796784251863407,-1.1180370691533899,-1.2348054737383674,-0.20161945963637795,2.195035721390843
0.9473064439524089,0.8863928304160386,-0.5296531871543967,0.8674601645087082,0.9299865172283,1.7986559189597666,-0.18343220956176326,0.7859446618736644,1.0052927224766786,0.22570701396054352,1.1782494978419535,-0.20161945963637795,2.195035721390843
0.6641893352149171,-0.08097829161310487,1.179479786520295,-1.406292075568725,0.04658559548267922,-0.15580844232407604,-0.18343220956176326,2.3702110669103424,-0.23796784251863407,1.569451097074477,1.1782494978419535,-0.20161945963637795,-0.4555734516094202
-1.186738006800409,-0.7948671410249866,-1.0993641783792938,-0.6483746622095806,-1.7202162480085623,-0.866224868717535,-0.18343220956176326,0.7859446618736644,-0.23796784251863407,0.22570701396054352,-0.028277987948206885,-0.20161945963637795,-0.4555734516094202
-0.2942091092018671,1.33688428430216,1.179479786520295,0.10954275114956384,0.04658559548267922,-2.1105924870037494,-0.18343220956176326,0.7859446618736644,-1.4812284075139466,0.22570701396054352,-1.2348054737383674,-0.20161945963637795,-0.4555734516094202
0.12012210078929336,0.33232577909903693,-0.5296531871543967,-0.6483746622095806,0.04658559548267922,0.25306662094838855,-0.18343220956176326,2.3702110669103424,1.0052927224766786,-1.1180370691533899,-0.028277987948206885,-0.20161945963637795,-0.4555734516094202
0.03317047301804983,2.5366141562304607,-1.669075169604191,-1.406292075568725,-1.278515787135752,1.5224494649586633,12.338873296521276,-0.7983217431630134,-1.4812284075139466,-1.1180370691533899,-2.441332959528528,4.959838707054898,-0.4555734516094202
-0.0106669866801528,0.06444351104487085,-1.0993641783792938,-0.6483746622095806,-0.3951148653901312,0.35736332883943,-0.18343220956176326,2.3702110669103424,1.0052927224766786,-1.1180370691533899,-0.028277987948206885,-0.20161945963637795,-0.4555734516094202
2.2188279906506794,-0.2991109956000692,1.179479786520295,1.6253775778678528,0.4882860563554896,1.2378513218169025,-0.18343220956176326,0.7859446618736644,2.2485532874719913,-1.1180370691533899,1.1782494978419535,-0.20161945963637795,-0.4555734516094202
1.3599299516189,-0.2991109956000692,-1.0993641783792938,-1.406292075568725,0.04658559548267922,2.822681756666977,-0.18343220956176326,2.3702110669103424,2.2485532874719913,-1.1180370691533899,1.1782494978419535,-0.20161945963637795,-0.4555734516094202
-0.27262902353906776,-1.3897745155348877,-0.5296531871543967,0.10954275114956384,0.4882860563554896,0.9534130203730594,-0.18343220956176326,-0.7983217431630134,1.0052927224766786,-1.1180370691533899,-0.028277987948206885,-0.20161945963637795,-0.4555734516094202
0.892173043419497,0.4279980176898107,1.7491907777451923,0.10954275114956384,0.9299865172283,-1.1237298440623122,-0.18343220956176326,0.7859446618736644,-0.23796784251863407,0.22570701396054352,-0.028277987948206885,-0.20161945963637795,-0.4555734516094202
0.8601909311771115,0.24622076436734078,-0.5296531871543967,-0.6483746622095806,0.04658559548267922,1.43549558129165,-0.18343220956176326,0.7859446618736644,1.0052927224766786,0.22570701396054352,1.1782494978419535,-0.20161945963637795,-0.4555734516094202
0.8487997479680022,0.5734198203477864,1.179479786520295,1.6253775778678528,-0.3951148653901312,-0.20472000188677128,-0.18343220956176326,0.7859446618736644,1.0052927224766786,-1.1180370691533899,-0.028277987948206885,-0.20161945963637795,-0.4555734516094202
1.5668411122958084,-0.2991109956000692,1.179479786520295,1.6253775778678528,0.4882860563554896,0.7396247494086655,-0.18343220956176326,0.7859446618736644,2.2485532874719913,-1.1180370691533899,1.1782494978419535,-0.20161945963637795,-0.4555734516094202
-0.12012518480583294,-1.00483444967554,-0.5296531871543967,0.10954275114956384,0.9299865172283,0.782941849544254,-0.18343220956176326,-0.7983217431630134,1.0052927224766786,-1.1180370691533899,-0.028277987948206885,-0.20161945963637795,-0.4555734516094202
1.8930966346883975,0.24622076436734078,0.6097687952953978,-0.6483746622095806,-1.278515787135752,0.785099712466137,-0.18343220956176326,3.95447747194702,1.0052927224766786,0.22570701396054352,1.1782494978419535,-0.20161945963637795,2.195035721390843
2.8507963858230556,0.5491828532381238,2.3189017689700893,-1.406292075568725,0.04658559548267922,1.115732264608082,-0.18343220956176326,3.95447747194702,1.0052927224766786,0.22570701396054352,1.1782494978419535,-0.20161945963637795,2.195035721390843
-0.19688266697666237,-0.9223472927056798,-0.5296531871543967,-0.6483746622095806,0.04658559548267922,1.0884792551131817,-0.18343220956176326,-0.7983217431630134,1.0052927224766786,-1.1180370691533899,-0.028277987948206885,-0.20161945963637795,-0.4555734516094202
0.6962959092347673,0.33232577909903693,1.179479786520295,1.6253775778678528,0.04658559548267922,-0.5164912336744735,-0.18343220956176326,0.7859446618736644,1.0052927224766786,-1.1180370691533899,-0.028277987948206885,-0.20161945963637795,-0.4555734516094202
0.8697614778426472,-1.3897745155348877,1.179479786520295,0.8674601645087082,-1.278515787135752,-0.055907381125761345,-0.18343220956176326,3.95447747194702,1.0052927224766786,-1.1180370691533899,-0.028277987948206885,-0.20161945963637795,2.195035721390843
1.4360644603799329,0.5734198203477864,1.179479786520295,1.6253775778678528,-0.3951148653901312,0.2287706828649592,-0.18343220956176326,0.7859446618736644,1.0052927224766786,-1.1180370691533899,-0.028277987948206885,-0.20161945963637795,-0.4555734516094202
