mw,fsp3,n_lipinski_hba,n_lipinski_hbd,n_rings,n_rotatable_bonds,clogp,n_aliphatic_carbocycles,n_aliphatic_heterocyles,n_aliphatic_rings,n_aromatic_heterocyles,n_saturated_carbocycles,n_saturated_heterocyles,n_saturated_rings
-0.11811576057224575,-0.24936446281107277,2.1750954017571456,3.037101396299931,-0.6880809462763582,-0.39147780517173514,-2.680418246216155,-0.7292031549595991,0.5365151543062568,-0.3367281199597886,-0.26226526415648105,-0.5436323871846678,-0.7282190812544191,-0.9712674367054297
0.8041004346739834,-1.1424773301093485,0.20777030703351856,-0.4328900180246505,0.7158821966309585,0.6288901515339483,0.2768231358552759,-0.7292031549595991,0.5365151543062568,-0.3367281199597886,-0.26226526415648105,-0.5436323871846678,-0.7282190812544191,-0.9712674367054297
0.02793289001256328,-0.3291066831055621,1.5193203701826035,0.955106547705182,-0.6880809462763582,-0.39147780517173514,-1.178876796429931,-0.7292031549595991,0.5365151543062568,-0.3367281199597886,-0.26226526415648105,-0.5436323871846678,-0.7282190812544191,-0.9712674367054297
-0.19817717836647472,0.3088310792503489,0.20777030703351856,-0.4328900180246505,-0.6880809462763582,0.11870617318110663,-0.30356658017173394,-0.7292031549595991,0.5365151543062568,-0.3367281199597886,-0.26226526415648105,-0.5436323871846678,-0.7282190812544191,-0.9712674367054297
-0.6512103168358515,-0.034673869710525794,0.20777030703351856,-0.4328900180246505,-0.6880809462763582,-0.9016617835245769,-0.8473639338936917,-0.7292031549595991,0.5365151543062568,-0.3367281199597886,-0.26226526415648105,-0.5436323871846678,-0.7282190812544191,-0.9712674367054297
-0.8932237385413073,0.6277999604283048,-1.1037797561155662,-0.4328900180246505,-0.6880809462763582,-0.39147780517173514,0.37433306893102786,1.1353416210130465,-1.4339586851458135,-0.3367281199597886,-0.26226526415648105,-0.5436323871846678,-0.7282190812544191,-0.9712674367054297
-0.6512103168358515,-0.034673869710525794,0.20777030703351856,-0.4328900180246505,-0.6880809462763582,-0.9016617835245769,-0.8473639338936917,-0.7292031549595991,0.5365151543062568,-0.3367281199597886,-0.26226526415648105,-0.5436323871846678,-0.7282190812544191,-0.9712674367054297
-0.42576789401122783,1.3237320648165716,0.20777030703351856,0.2611082648402657,-0.6880809462763582,-0.9016617835245769,-1.5244968858814927,-0.7292031549595991,0.5365151543062568,-0.3367281199597886,-0.26226526415648105,-0.5436323871846678,1.3732131246511905,0.6914107176547127
-0.16726306773632388,1.3237320648165716,0.8635453386080609,0.955106547705182,-0.6880809462763582,-0.9016617835245769,-2.241846586535989,-0.7292031549595991,0.5365151543062568,-0.3367281199597886,-0.26226526415648105,-0.5436323871846678,1.3732131246511905,0.6914107176547127
-0.42576789401122783,1.3237320648165716,0.20777030703351856,0.2611082648402657,-0.6880809462763582,-0.9016617835245769,-1.524496885881492,-0.7292031549595991,0.5365151543062568,-0.3367281199597886,-0.26226526415648105,-0.5436323871846678,1.3732131246511905,0.6914107176547127
0.12455072696991822,-1.7926109614514758,0.20777030703351856,0.2611082648402657,0.7158821966309585,-0.39147780517173514,-0.505486720357905,-0.7292031549595991,0.5365151543062568,-0.3367281199597886,-0.26226526415648105,-0.5436323871846678,-0.7282190812544191,-0.9712674367054297
0.254855960102902,0.5715113343380775,0.20777030703351856,-0.4328900180246505,-0.6880809462763582,1.1390741298867901,0.24023077355022301,-0.7292031549595991,0.5365151543062568,-0.3367281199597886,-0.26226526415648105,-0.5436323871846678,-0.7282190812544191,-0.9712674367054297
0.577583865439295,-1.3363768341938431,0.20777030703351856,-0.4328900180246505,0.7158821966309585,0.11870617318110663,0.004924458994297573,-0.7292031549595991,0.5365151543062568,-0.3367281199597886,-0.26226526415648105,-0.5436323871846678,-0.7282190812544191,-0.9712674367054297
-0.61997761646629,0.48058355373078665,-2.415329819264651,-1.820886583754483,0.7158821966309585,-1.9220297402302604,1.5247969398019103,1.1353416210130465,0.5365151543062568,2.497400223035096,-0.26226526415648105,1.7441539088841425,1.3732131246511905,2.354088872014855
0.480966028481941,0.029733308219638075,1.5193203701826035,0.955106547705182,-0.6880809462763582,0.6288901515339483,-0.6350794427079727,-0.7292031549595991,0.5365151543062568,-0.3367281199597886,-0.26226526415648105,-0.5436323871846678,-0.7282190812544191,-0.9712674367054297
-0.7972589674206614,0.10585088213710467,0.8635453386080609,1.6491048305700982,-0.6880809462763582,-0.9016617835245769,-2.348905383679915,-0.7292031549595991,0.5365151543062568,-0.3367281199597886,-0.26226526415648105,-0.5436323871846678,-0.7282190812544191,-0.9712674367054297
-0.8777268860705398,-0.24936446281107277,0.20777030703351856,0.2611082648402657,-0.6880809462763582,-0.9016617835245769,-1.085876436384916,-0.7292031549595991,0.5365151543062568,-0.3367281199597886,-0.26226526415648105,-0.5436323871846678,-0.7282190812544191,-0.9712674367054297
0.3510672962046066,-1.551820727621058,0.20777030703351856,-0.4328900180246505,0.7158821966309585,-0.39147780517173514,-0.2669742178666804,-0.7292031549595991,0.5365151543062568,-0.3367281199597886,-0.26226526415648105,-0.5436323871846678,-0.7282190812544191,-0.9712674367054297
-0.5702123267415357,0.6277999604283048,-1.7595547876901085,-1.1268883008895667,-0.6880809462763582,-0.39147780517173514,1.0309045982902731,-0.7292031549595991,0.5365151543062568,-0.3367281199597886,-0.26226526415648105,-0.5436323871846678,1.3732131246511905,0.6914107176547127
-0.925211995581522,0.7553875128994866,-1.7595547876901085,-1.1268883008895667,-0.6880809462763582,-0.39147780517173514,0.888508034120322,-0.7292031549595991,0.5365151543062568,-0.3367281199597886,-0.26226526415648105,-0.5436323871846678,1.3732131246511905,0.6914107176547127
-0.23104048979135686,0.3088310792503489,-1.1037797561155662,-1.1268883008895667,0.7158821966309585,-0.39147780517173514,0.9219639082277997,-0.7292031549595991,0.5365151543062568,-0.3367281199597886,3.812933455813455,-0.5436323871846678,1.3732131246511905,0.6914107176547127
1.483243641522399,-1.2860133266394291,1.5193203701826035,0.955106547705182,0.7158821966309585,1.1390741298867901,-0.2008291667666873,-0.7292031549595991,0.5365151543062568,-0.3367281199597886,-0.26226526415648105,-0.5436323871846678,-0.7282190812544191,-0.9712674367054297
-0.6986954263468336,0.8670266213117713,-1.7595547876901085,-1.1268883008895667,-0.6880809462763582,-0.39147780517173514,1.1604067109813008,-0.7292031549595991,0.5365151543062568,-0.3367281199597886,-0.26226526415648105,-0.5436323871846678,1.3732131246511905,0.6914107176547127
-0.44019060007193056,0.8670266213117713,-1.1037797561155662,-1.1268883008895667,-0.6880809462763582,0.11870617318110663,0.7078463139399434,1.1353416210130465,-1.4339586851458135,-0.3367281199597886,-0.26226526415648105,-0.5436323871846678,-0.7282190812544191,-0.9712674367054297
0.028339390868213653,0.44837996476570474,0.20777030703351856,-0.4328900180246505,-0.6880809462763582,0.6288901515339483,-0.031667903310755516,-0.7292031549595991,0.5365151543062568,-0.3367281199597886,-0.26226526415648105,-0.5436323871846678,-0.7282190812544191,-0.9712674367054297
-0.42469374760116313,0.1493466386613717,0.20777030703351856,-0.4328900180246505,-0.6880809462763582,-0.39147780517173514,-0.5754652570327125,-0.7292031549595991,0.5365151543062568,-0.3367281199597886,-0.26226526415648105,-0.5436323871846678,-0.7282190812544191,-0.9712674367054297
2.0328946169491298,-1.8380748517551213,0.20777030703351856,-0.4328900180246505,2.1198453395382755,1.1390741298867901,1.4387177637128794,-0.7292031549595991,0.5365151543062568,-0.3367281199597886,-0.26226526415648105,-0.5436323871846678,-0.7282190812544191,-0.9712674367054297
0.02793289001256328,-0.3291066831055621,1.5193203701826035,0.955106547705182,-0.6880809462763582,-0.39147780517173514,-1.178876796429931,-0.7292031549595991,0.5365151543062568,-0.3367281199597886,-0.26226526415648105,-0.5436323871846678,-0.7282190812544191,-0.9712674367054297
-0.18150422340964564,1.201943946548625,0.20777030703351856,1.6491048305700982,-0.6880809462763582,0.11870617318110663,-0.28525645907166247,1.1353416210130465,-1.4339586851458135,-0.3367281199597886,-0.26226526415648105,1.7441539088841425,-0.7282190812544191,0.6914107176547127
-0.764842595012008,-2.095703563475777,0.20777030703351856,0.955106547705182,0.7158821966309585,-1.4118457618774187,-0.06409919127369368,-0.7292031549595991,0.5365151543062568,-0.3367281199597886,-0.26226526415648105,-0.5436323871846678,1.3732131246511905,0.6914107176547127
-1.6703208207077298,-3.4868986067673218,-0.44800472454102386,0.955106547705182,-0.6880809462763582,-1.9220297402302604,0.26397747419275813,-0.7292031549595991,-1.4339586851458135,-3.170856462954673,-0.26226526415648105,-0.5436323871846678,-0.7282190812544191,-0.9712674367054297
1.1609222370416556,0.94676884160626,0.20777030703351856,-0.4328900180246505,-0.6880809462763582,3.1798100432981573,1.327825480994136,-0.7292031549595991,0.5365151543062568,-0.3367281199597886,-0.26226526415648105,-0.5436323871846678,-0.7282190812544191,-0.9712674367054297
0.17361843982261232,-0.4354296434982136,-0.44800472454102386,-0.4328900180246505,0.7158821966309585,0.6288901515339483,1.0912645711591806,-0.7292031549595991,0.5365151543062568,-0.3367281199597886,-0.26226526415648105,-0.5436323871846678,1.3732131246511905,0.6914107176547127
-1.2498639905215985,-2.4821466310567617,-0.44800472454102386,0.2611082648402657,0.7158821966309585,-1.9220297402302604,0.38135183251982485,-0.7292031549595991,0.5365151543062568,-0.3367281199597886,-0.26226526415648105,-0.5436323871846678,1.3732131246511905,0.6914107176547127
-0.925211995581522,0.7553875128994866,-1.7595547876901085,-1.1268883008895667,-0.6880809462763582,-0.39147780517173514,0.888508034120322,-0.7292031549595991,0.5365151543062568,-0.3367281199597886,-0.26226526415648105,-0.5436323871846678,1.3732131246511905,0.6914107176547127
-1.1042434553052283,-0.5030897092026289,0.20777030703351856,-0.4328900180246505,-0.6880809462763582,-1.9220297402302604,-1.3911612876156485,-0.7292031549595991,0.5365151543062568,-0.3367281199597886,-0.26226526415648105,-0.5436323871846678,-0.7282190812544191,-0.9712674367054297
1.0306170039086717,-0.9670444454614735,0.20777030703351856,-0.4328900180246505,0.7158821966309585,0.6288901515339483,0.44828449065609877,-0.7292031549595991,0.5365151543062568,-0.3367281199597886,-0.26226526415648105,-0.5436323871846678,-0.7282190812544191,-0.9712674367054297
0.028520941255595476,0.7553875128994866,0.8635453386080609,0.955106547705182,-0.6880809462763582,-0.39147780517173514,-0.8079138823419567,1.1353416210130465,-1.4339586851458135,-0.3367281199597886,-0.26226526415648105,1.7441539088841425,-0.7282190812544191,0.6914107176547127
-0.8932237385413073,0.6277999604283048,-1.1037797561155662,-0.4328900180246505,-0.6880809462763582,-0.39147780517173514,-0.0003030213349963332,-0.7292031549595991,0.5365151543062568,-0.3367281199597886,-0.26226526415648105,-0.5436323871846678,1.3732131246511905,0.6914107176547127
0.4489777714417263,0.9655317169696691,0.8635453386080609,0.955106547705182,0.7158821966309585,-0.9016617835245769,-0.5349000096773954,1.1353416210130465,0.5365151543062568,2.497400223035096,-0.26226526415648105,1.7441539088841425,1.3732131246511905,2.354088872014855
0.25503751049028384,0.8670266213117713,0.8635453386080609,0.955106547705182,-0.6880809462763582,0.6288901515339483,-0.5349000096773954,1.1353416210130465,-1.4339586851458135,-0.3367281199597886,-0.26226526415648105,1.7441539088841425,-0.7282190812544191,0.6914107176547127
-0.4245121972137813,0.48058355373078665,0.8635453386080609,1.6491048305700982,-0.6880809462763582,-0.39147780517173514,-1.3172098658905784,1.1353416210130465,-1.4339586851458135,-0.3367281199597886,-0.26226526415648105,1.7441539088841425,-0.7282190812544191,0.6914107176547127
0.028520941255595476,0.7553875128994866,0.8635453386080609,0.955106547705182,-0.6880809462763582,0.11870617318110663,-0.8067986865383743,1.1353416210130465,-1.4339586851458135,-0.3367281199597886,-0.26226526415648105,1.7441539088841425,-0.7282190812544191,0.6914107176547127
0.2224612022070379,0.8670266213117713,0.8635453386080609,0.955106547705182,0.7158821966309585,-0.9016617835245769,-0.7063613644782178,1.1353416210130465,0.5365151543062568,2.497400223035096,-0.26226526415648105,1.7441539088841425,1.3732131246511905,2.354088872014855
-0.1979956279790929,0.6277999604283048,0.8635453386080609,1.6491048305700982,-0.6880809462763582,-0.39147780517173514,-1.0464263848331818,1.1353416210130465,-1.4339586851458135,-0.3367281199597886,-0.26226526415648105,1.7441539088841425,-0.7282190812544191,0.6914107176547127
-0.23057193626233885,0.6277999604283048,0.8635453386080609,0.955106547705182,0.7158821966309585,-0.9016617835245769,-1.2501587182001752,1.1353416210130465,0.5365151543062568,2.497400223035096,-0.26226526415648105,1.7441539088841425,1.3732131246511905,2.354088872014855
0.6754943406764147,1.0530918019989122,0.8635453386080609,0.955106547705182,0.7158821966309585,-0.39147780517173514,-0.16367920655984272,1.1353416210130465,0.5365151543062568,2.497400223035096,-0.26226526415648105,1.7441539088841425,1.3732131246511905,2.354088872014855
0.4815540797249722,0.9655317169696691,0.8635453386080609,0.955106547705182,-0.6880809462763582,1.1390741298867901,-0.26300133281641624,1.1353416210130465,-1.4339586851458135,-0.3367281199597886,-0.26226526415648105,1.7441539088841425,-0.7282190812544191,0.6914107176547127
-0.23057193626233885,-0.3291066831055621,0.8635453386080609,1.6491048305700982,-0.6880809462763582,0.11870617318110663,-1.2014386015311613,1.1353416210130465,-1.4339586851458135,-0.3367281199597886,-0.26226526415648105,1.7441539088841425,-0.7282190812544191,0.6914107176547127
-0.11811576057224575,-0.24936446281107277,2.1750954017571456,3.037101396299931,-0.6880809462763582,-0.39147780517173514,-2.82655768630188,-0.7292031549595991,0.5365151543062568,-0.3367281199597886,-0.26226526415648105,-0.5436323871846678,-0.7282190812544191,-0.9712674367054297
0.028520941255595476,0.7553875128994866,0.8635453386080609,0.955106547705182,-0.6880809462763582,0.11870617318110663,-0.8067986865383743,1.1353416210130465,-1.4339586851458135,-0.3367281199597886,-0.26226526415648105,1.7441539088841425,-0.7282190812544191,0.6914107176547127
0.028520941255595476,0.7553875128994866,0.8635453386080609,0.955106547705182,-0.6880809462763582,0.11870617318110663,-0.8067986865383743,1.1353416210130465,-1.4339586851458135,-0.3367281199597886,-0.26226526415648105,1.7441539088841425,-0.7282190812544191,0.6914107176547127
-0.2788266474037341,-0.6105498135566991,-1.1037797561155662,-1.1268883008895667,-0.6880809462763582,1.1390741298867901,0.6871454918359418,-0.7292031549595991,0.5365151543062568,-0.3367281199597886,-0.26226526415648105,-0.5436323871846678,1.3732131246511905,0.6914107176547127
-0.6992834775898649,-0.13772535439878872,-1.1037797561155662,-1.1268883008895667,-0.6880809462763582,0.11870617318110663,0.2994755506155465,-0.7292031549595991,0.5365151543062568,-0.3367281199597886,-0.26226526415648105,-0.5436323871846678,1.3732131246511905,0.6914107176547127
-0.6667071693066189,0.7553875128994866,-1.1037797561155662,-0.4328900180246505,-0.6880809462763582,0.11870617318110663,0.2715956555259821,-0.7292031549595991,0.5365151543062568,-0.3367281199597886,-0.26226526415648105,-0.5436323871846678,1.3732131246511905,0.6914107176547127
-0.2788266474037341,0.17749095170648535,-1.1037797561155662,-1.1268883008895667,0.7158821966309585,-0.9016617835245769,0.6718115495366818,-0.7292031549595991,2.506988993758327,2.497400223035096,-0.26226526415648105,-0.5436323871846678,1.3732131246511905,0.6914107176547127
-0.44019060007193056,0.8670266213117713,-1.1037797561155662,-0.4328900180246505,-0.6880809462763582,0.11870617318110663,0.5434943323869604,-0.7292031549595991,0.5365151543062568,-0.3367281199597886,-0.26226526415648105,-0.5436323871846678,1.3732131246511905,0.6914107176547127
-0.4727669083551765,0.029733308219638075,-1.1037797561155662,-1.1268883008895667,-0.6880809462763582,0.6288901515339483,0.5713742274765249,-0.7292031549595991,0.5365151543062568,-0.3367281199597886,-0.26226526415648105,-0.5436323871846678,1.3732131246511905,0.6914107176547127
0.2544494592472526,0.7553875128994866,1.5193203701826035,0.955106547705182,0.7158821966309585,-0.9016617835245769,-1.5104872385989838,1.1353416210130465,0.5365151543062568,2.497400223035096,-0.26226526415648105,1.7441539088841425,1.3732131246511905,2.354088872014855
-0.8932237385413073,0.6277999604283048,-1.1037797561155662,-0.4328900180246505,-0.6880809462763582,-0.39147780517173514,-0.0003030213349963332,-0.7292031549595991,0.5365151543062568,-0.3367281199597886,-0.26226526415648105,-0.5436323871846678,1.3732131246511905,0.6914107176547127
-0.6992834775898649,-0.13772535439878872,-1.1037797561155662,-0.4328900180246505,-0.6880809462763582,0.11870617318110663,0.11546824302442048,-0.7292031549595991,0.5365151543062568,-0.3367281199597886,-0.26226526415648105,-0.5436323871846678,1.3732131246511905,0.6914107176547127
-1.1197403077759958,0.48058355373078665,-1.1037797561155662,-0.4328900180246505,-0.6880809462763582,-0.9016617835245769,-0.2722016981959747,-0.7292031549595991,0.5365151543062568,-0.3367281199597886,-0.26226526415648105,-0.5436323871846678,1.3732131246511905,0.6914107176547127
-0.6667071693066189,0.7553875128994866,-1.1037797561155662,-0.4328900180246505,-0.6880809462763582,0.11870617318110663,0.2715956555259821,-0.7292031549595991,0.5365151543062568,-0.3367281199597886,-0.26226526415648105,-0.5436323871846678,1.3732131246511905,0.6914107176547127
-0.5053432166384224,0.029733308219638075,-1.1037797561155662,-1.1268883008895667,0.7158821966309585,-0.9016617835245769,0.39991287267570336,-0.7292031549595991,2.506988993758327,2.497400223035096,-0.26226526415648105,-0.5436323871846678,1.3732131246511905,0.6914107176547127
-1.1197403077759958,0.48058355373078665,-1.1037797561155662,-0.4328900180246505,-0.6880809462763582,-0.9016617835245769,0.10243439207004869,1.1353416210130465,-1.4339586851458135,-0.3367281199597886,-0.26226526415648105,-0.5436323871846678,-0.7282190812544191,-0.9712674367054297
0.25503751049028384,0.8670266213117713,0.8635453386080609,1.6491048305700982,-0.6880809462763582,0.6288901515339483,-0.5026290311112248,1.1353416210130465,-1.4339586851458135,-0.3367281199597886,-0.26226526415648105,1.7441539088841425,-0.7282190812544191,0.6914107176547127
-0.6992834775898649,0.7553875128994866,-1.1037797561155662,-0.4328900180246505,0.7158821966309585,-1.4118457618774187,0.4747703909911839,2.9998863969856924,-1.4339586851458135,2.497400223035096,-0.26226526415648105,1.7441539088841425,-0.7282190812544191,0.6914107176547127
-1.1356436611024125,0.48058355373078665,-1.1037797561155662,-0.4328900180246505,-0.6880809462763582,-0.9016617835245769,-0.22745446657722304,1.1353416210130465,-1.4339586851458135,-0.3367281199597886,-0.26226526415648105,-0.5436323871846678,-0.7282190812544191,-0.9712674367054297
-0.21367403083724215,0.9655317169696691,-1.1037797561155662,-1.1268883008895667,-0.6880809462763582,0.6288901515339483,0.9994003168390655,-0.7292031549595991,0.5365151543062568,-0.3367281199597886,-0.26226526415648105,-0.5436323871846678,1.3732131246511905,0.6914107176547127
-0.27982119950241663,-1.7644666484063622,0.8635453386080609,1.6491048305700982,0.7158821966309585,-0.9016617835245769,-0.5084350192636291,-0.7292031549595991,0.5365151543062568,-0.3367281199597886,-0.26226526415648105,-0.5436323871846678,1.3732131246511905,0.6914107176547127
0.43329936858357704,1.201943946548625,-1.1037797561155662,-0.4328900180246505,0.7158821966309585,0.6288901515339483,1.7338264532359209,2.9998863969856924,-1.4339586851458135,2.497400223035096,-0.26226526415648105,1.7441539088841425,-0.7282190812544191,0.6914107176547127
0.028339390868213653,0.44837996476570474,0.20777030703351856,-0.4328900180246505,-0.6880809462763582,0.6288901515339483,-0.031667903310755516,-0.7292031549595991,0.5365151543062568,-0.3367281199597886,-0.26226526415648105,-0.5436323871846678,-0.7282190812544191,-0.9712674367054297
1.676374791785995,-1.1424773301093485,0.20777030703351856,-0.4328900180246505,0.7158821966309585,0.6288901515339483,0.6548745132697708,-0.7292031549595991,0.5365151543062568,-0.3367281199597886,-0.26226526415648105,-0.5436323871846678,-0.7282190812544191,-0.9712674367054297
-0.4566820046413787,0.3088310792503489,-0.44800472454102386,0.2611082648402657,-0.6880809462763582,-0.39147780517173514,-0.08066681893066592,1.1353416210130465,-1.4339586851458135,-0.3367281199597886,-0.26226526415648105,-0.5436323871846678,-0.7282190812544191,-0.9712674367054297
-0.6992834775898649,-0.13772535439878872,-1.1037797561155662,-0.4328900180246505,-0.6880809462763582,0.11870617318110663,0.4901043332904441,1.1353416210130465,-1.4339586851458135,-0.3367281199597886,-0.26226526415648105,-0.5436323871846678,-0.7282190812544191,-0.9712674367054297
-0.6024656195039695,0.6277999604283048,-1.1037797561155662,-0.4328900180246505,-0.6880809462763582,-0.39147780517173514,0.5814806894464918,1.1353416210130465,-1.4339586851458135,-0.3367281199597886,-0.26226526415648105,-0.5436323871846678,-0.7282190812544191,-0.9712674367054297
-1.5727734462453724,0.10585088213710467,-1.1037797561155662,-0.4328900180246505,-0.6880809462763582,-1.4118457618774187,-0.44024776584832565,1.1353416210130465,-1.4339586851458135,-0.3367281199597886,-0.26226526415648105,-0.5436323871846678,-0.7282190812544191,-0.9712674367054297
0.2393591076321346,1.1314350359724452,-1.1037797561155662,-0.4328900180246505,-0.6880809462763582,2.1594420865924735,1.7338264532359209,1.1353416210130465,-1.4339586851458135,-0.3367281199597886,-0.26226526415648105,-0.5436323871846678,-0.7282190812544191,-0.9712674367054297
1.2891218301835747,-0.9670444454614735,0.8635453386080609,-0.4328900180246505,0.7158821966309585,1.1390741298867901,0.2828173132995325,-0.7292031549595991,0.5365151543062568,-0.3367281199597886,-0.26226526415648105,-0.5436323871846678,-0.7282190812544191,-0.9712674367054297
0.8041004346739834,-1.1424773301093485,0.20777030703351856,-0.4328900180246505,0.7158821966309585,0.11870617318110663,0.2757079400516941,-0.7292031549595991,0.5365151543062568,-0.3367281199597886,-0.26226526415648105,-0.5436323871846678,-0.7282190812544191,-0.9712674367054297
1.8400654438900712,0.7147914734768381,1.5193203701826035,0.955106547705182,-0.6880809462763582,3.6899940216509988,0.8501731783721728,-0.7292031549595991,0.5365151543062568,-0.3367281199597886,-0.26226526415648105,-0.5436323871846678,-0.7282190812544191,-0.9712674367054297
2.0328946169491298,-1.8380748517551213,0.20777030703351856,-0.4328900180246505,2.1198453395382755,1.1390741298867901,1.4387177637128794,-0.7292031549595991,0.5365151543062568,-0.3367281199597886,-0.26226526415648105,-0.5436323871846678,-0.7282190812544191,-0.9712674367054297
1.0306170039086717,-0.9670444454614735,0.20777030703351856,-0.4328900180246505,0.7158821966309585,1.1390741298867901,0.5487218127162543,-0.7292031549595991,0.5365151543062568,-0.3367281199597886,-0.26226526415648105,-0.5436323871846678,-0.7282190812544191,-0.9712674367054297
0.6740971787455369,0.3088310792503489,0.20777030703351856,-0.4328900180246505,-0.6880809462763582,0.11870617318110663,0.07448479724276053,-0.7292031549595991,0.5365151543062568,-0.3367281199597886,-0.26226526415648105,-0.5436323871846678,-0.7282190812544191,-0.9712674367054297
1.2891218301835747,-0.9670444454614735,0.8635453386080609,-0.4328900180246505,0.7158821966309585,1.1390741298867901,0.2828173132995325,-0.7292031549595991,0.5365151543062568,-0.3367281199597886,-0.26226526415648105,-0.5436323871846678,-0.7282190812544191,-0.9712674367054297
-1.1197403077759958,0.48058355373078665,-1.1037797561155662,-0.4328900180246505,-0.6880809462763582,-0.9016617835245769,-0.2722016981959747,-0.7292031549595991,0.5365151543062568,-0.3367281199597886,-0.26226526415648105,-0.5436323871846678,1.3732131246511905,0.6914107176547127
-0.9091270918677242,0.6277999604283048,-1.1037797561155662,0.2611082648402657,-0.6880809462763582,-0.39147780517173514,0.07671518884992633,1.1353416210130465,-1.4339586851458135,-0.3367281199597886,-0.26226526415648105,-0.5436323871846678,-0.7282190812544191,-0.9712674367054297
-0.48867026168159244,0.8670266213117713,-1.1037797561155662,-0.4328900180246505,0.7158821966309585,-1.4118457618774187,0.4156650134013065,2.9998863969856924,-1.4339586851458135,2.497400223035096,-0.26226526415648105,1.7441539088841425,-0.7282190812544191,0.6914107176547127
-0.2462503391204881,0.17749095170648535,-1.1037797561155662,-1.1268883008895667,-0.6880809462763582,1.1390741298867901,0.8432729043375033,-0.7292031549595991,0.5365151543062568,-0.3367281199597886,-0.26226526415648105,-0.5436323871846678,1.3732131246511905,0.6914107176547127
-0.9258000468245532,-0.3291066831055621,-1.1037797561155662,-0.4328900180246505,-0.6880809462763582,-0.39147780517173514,-0.15643043383655825,-0.7292031549595991,0.5365151543062568,-0.3367281199597886,-0.26226526415648105,-0.5436323871846678,1.3732131246511905,0.6914107176547127
-0.05231007816904568,-0.4354296434982136,-1.1037797561155662,-1.1268883008895667,-0.6880809462763582,1.6492581082396318,0.9590441686969203,-0.7292031549595991,0.5365151543062568,-0.3367281199597886,-0.26226526415648105,-0.5436323871846678,1.3732131246511905,0.6914107176547127
-0.2462503391204881,0.17749095170648535,-1.1037797561155662,-1.1268883008895667,-0.6880809462763582,1.1390741298867901,0.8432729043375033,-0.7292031549595991,0.5365151543062568,-0.3367281199597886,-0.26226526415648105,-0.5436323871846678,1.3732131246511905,0.6914107176547127
-0.4727669083551765,0.029733308219638075,-1.1037797561155662,-1.1268883008895667,-0.6880809462763582,0.6288901515339483,0.5713742274765249,-0.7292031549595991,0.5365151543062568,-0.3367281199597886,-0.26226526415648105,-0.5436323871846678,1.3732131246511905,0.6914107176547127
-0.6992834775898649,-0.13772535439878872,-1.1037797561155662,-0.4328900180246505,-0.6880809462763582,0.11870617318110663,0.11546824302442048,-0.7292031549595991,0.5365151543062568,-0.3367281199597886,-0.26226526415648105,-0.5436323871846678,1.3732131246511905,0.6914107176547127
-0.44019060007193056,0.8670266213117713,-1.1037797561155662,-0.4328900180246505,-0.6880809462763582,0.6288901515339483,0.5434943323869604,-0.7292031549595991,0.5365151543062568,-0.3367281199597886,-0.26226526415648105,-0.5436323871846678,1.3732131246511905,0.6914107176547127
-0.05231007816904568,-0.4354296434982136,-1.1037797561155662,-1.1268883008895667,-0.6880809462763582,1.6492581082396318,0.9590441686969203,-0.7292031549595991,0.5365151543062568,-0.3367281199597886,-0.26226526415648105,-0.5436323871846678,1.3732131246511905,0.6914107176547127
-0.5053432166384224,0.029733308219638075,-1.1037797561155662,-1.1268883008895667,0.7158821966309585,-0.9016617835245769,0.39991287267570336,-0.7292031549595991,2.506988993758327,2.497400223035096,-0.26226526415648105,-0.5436323871846678,1.3732131246511905,0.6914107176547127
-0.44019060007193056,0.8670266213117713,-1.1037797561155662,-0.4328900180246505,-0.6880809462763582,0.6288901515339483,0.5434943323869604,-0.7292031549595991,0.5365151543062568,-0.3367281199597886,-0.26226526415648105,-0.5436323871846678,1.3732131246511905,0.6914107176547127
-0.9097151431107545,-0.034673869710525794,-0.44800472454102386,0.2611082648402657,-0.6880809462763582,-1.4118457618774187,-0.624464172652623,1.1353416210130465,-1.4339586851458135,-0.3367281199597886,-0.26226526415648105,-0.5436323871846678,-0.7282190812544191,-0.9712674367054297
-1.1197403077759958,0.48058355373078665,-1.1037797561155662,-0.4328900180246505,-0.6880809462763582,-0.9016617835245769,0.10243439207004869,1.1353416210130465,-1.4339586851458135,-0.3367281199597886,-0.26226526415648105,-0.5436323871846678,-0.7282190812544191,-0.9712674367054297
-0.666525618919238,1.106253282195238,-0.44800472454102386,0.955106547705182,-0.6880809462763582,0.11870617318110663,0.11449244669628694,1.1353416210130465,-1.4339586851458135,-0.3367281199597886,-0.26226526415648105,1.7441539088841425,-0.7282190812544191,0.6914107176547127
-0.9258000468245532,-0.3291066831055621,-1.1037797561155662,-0.4328900180246505,-0.6880809462763582,-0.39147780517173514,-0.15643043383655825,-0.7292031549595991,0.5365151543062568,-0.3367281199597886,-0.26226526415648105,-0.5436323871846678,1.3732131246511905,0.6914107176547127
-0.6667071693066189,1.201943946548625,-1.1037797561155662,-1.1268883008895667,-0.6880809462763582,0.11870617318110663,0.47240059990857053,-0.7292031549595991,0.5365151543062568,-0.3367281199597886,-0.26226526415648105,-0.5436323871846678,1.3732131246511905,0.6914107176547127
-0.666525618919238,1.106253282195238,-0.44800472454102386,0.955106547705182,-0.6880809462763582,0.11870617318110663,0.11449244669628694,1.1353416210130465,-1.4339586851458135,-0.3367281199597886,-0.26226526415648105,1.7441539088841425,-0.7282190812544191,0.6914107176547127
-0.602861017796855,0.6277999604283048,-1.7595547876901085,-1.1268883008895667,-0.6880809462763582,-0.39147780517173514,1.011458371465302,-0.7292031549595991,0.5365151543062568,-0.3367281199597886,-0.26226526415648105,-0.5436323871846678,1.3732131246511905,0.6914107176547127
1.0626052609488863,-1.1424773301093485,0.8635453386080609,0.2611082648402657,0.7158821966309585,0.6288901515339483,0.07162710799608057,-0.7292031549595991,0.5365151543062568,-0.3367281199597886,-0.26226526415648105,-0.5436323871846678,-0.7282190812544191,-0.9712674367054297
1.0626052609488863,-1.1424773301093485,0.8635453386080609,0.2611082648402657,0.7158821966309585,0.6288901515339483,0.07162710799608057,-0.7292031549595991,0.5365151543062568,-0.3367281199597886,-0.26226526415648105,-0.5436323871846678,-0.7282190812544191,-0.9712674367054297
-0.4892583129246246,0.3088310792503489,-0.44800472454102386,-1.1268883008895667,0.7158821966309585,-0.39147780517173514,0.5954206369912747,-0.7292031549595991,0.5365151543062568,-0.3367281199597886,3.812933455813455,-0.5436323871846678,1.3732131246511905,0.6914107176547127
-0.5051616662510415,0.3088310792503489,-0.44800472454102386,-0.4328900180246505,0.7158821966309585,-0.39147780517173514,0.4107860317606331,-0.7292031549595991,0.5365151543062568,-0.3367281199597886,3.812933455813455,-0.5436323871846678,1.3732131246511905,0.6914107176547127
-0.602861017796855,0.6277999604283048,-1.7595547876901085,-1.1268883008895667,-0.6880809462763582,-0.39147780517173514,1.011458371465302,-0.7292031549595991,0.5365151543062568,-0.3367281199597886,-0.26226526415648105,-0.5436323871846678,1.3732131246511905,0.6914107176547127
0.46425356446767757,1.106253282195238,0.20777030703351856,-0.4328900180246505,-0.6880809462763582,-0.9016617835245769,-0.0295072114413144,-0.7292031549595991,0.5365151543062568,-0.3367281199597886,-0.26226526415648105,-0.5436323871846678,1.3732131246511905,0.6914107176547127
-0.48925831292462374,0.3088310792503489,-0.44800472454102386,-1.1268883008895667,0.7158821966309585,-0.39147780517173514,0.7084039118417347,-0.7292031549595991,0.5365151543062568,-0.3367281199597886,3.812933455813455,-0.5436323871846678,1.3732131246511905,0.6914107176547127
-0.6188155589399864,1.106253282195238,-0.44800472454102386,-1.820886583754483,-0.6880809462763582,-0.39147780517173514,0.20816889419722232,-0.7292031549595991,0.5365151543062568,-0.3367281199597886,-0.26226526415648105,-0.5436323871846678,1.3732131246511905,0.6914107176547127
-0.4400090496845496,1.201943946548625,-0.44800472454102386,0.955106547705182,-0.6880809462763582,0.11870617318110663,0.2859538014971093,1.1353416210130465,-1.4339586851458135,-0.3367281199597886,-0.26226526415648105,1.7441539088841425,-0.7282190812544191,0.6914107176547127
-0.666525618919238,1.106253282195238,-0.44800472454102386,0.955106547705182,-0.6880809462763582,0.11870617318110663,0.11449244669628694,1.1353416210130465,-1.4339586851458135,-0.3367281199597886,-0.26226526415648105,1.7441539088841425,-0.7282190812544191,0.6914107176547127
-0.13336604806195448,-1.1796903662467768,-1.1037797561155662,-0.4328900180246505,0.7158821966309585,-0.39147780517173514,0.35293524944978644,1.1353416210130465,-1.4339586851458135,-0.3367281199597886,-0.26226526415648105,-0.5436323871846678,-0.7282190812544191,-0.9712674367054297
-0.6826105226330358,0.7553875128994866,-1.1037797561155662,-0.4328900180246505,-0.6880809462763582,0.11870617318110663,0.31634288714473385,1.1353416210130465,-1.4339586851458135,-0.3367281199597886,-0.26226526415648105,-0.5436323871846678,-0.7282190812544191,-0.9712674367054297
-0.666525618919238,1.106253282195238,-0.44800472454102386,0.955106547705182,-0.6880809462763582,0.11870617318110663,0.11449244669628694,1.1353416210130465,-1.4339586851458135,-0.3367281199597886,-0.26226526415648105,1.7441539088841425,-0.7282190812544191,0.6914107176547127
-1.3621602303371014,0.3088310792503489,-1.1037797561155662,0.2611082648402657,-0.6880809462763582,-0.9016617835245769,-0.4659669690684485,1.1353416210130465,-1.4339586851458135,-0.3367281199597886,-0.26226526415648105,-0.5436323871846678,-0.7282190812544191,-0.9712674367054297
-1.1362317123454437,-0.24936446281107277,-0.44800472454102386,0.2611082648402657,-0.6880809462763582,-1.4118457618774187,-0.7959255274534454,1.1353416210130465,-1.4339586851458135,-0.3367281199597886,-0.26226526415648105,-0.5436323871846678,-0.7282190812544191,-0.9712674367054297
-0.6826105226330358,0.7553875128994866,-1.1037797561155662,-0.4328900180246505,-0.6880809462763582,-0.39147780517173514,0.31522769134115136,1.1353416210130465,-1.4339586851458135,-0.3367281199597886,-0.26226526415648105,-0.5436323871846678,-0.7282190812544191,-0.9712674367054297
-0.26332979493296665,-1.4773946553462016,0.20777030703351856,-0.4328900180246505,-0.6880809462763582,0.11870617318110663,-0.6158214051748578,-0.7292031549595991,0.5365151543062568,-0.3367281199597886,-0.26226526415648105,-0.5436323871846678,-0.7282190812544191,-0.9712674367054297
1.7107547628557673,-0.13772535439878872,-0.44800472454102386,-1.1268883008895667,0.7158821966309585,2.6696260649453154,2.2404041470133107,1.1353416210130465,-1.4339586851458135,-0.3367281199597886,-0.26226526415648105,-0.5436323871846678,-0.7282190812544191,-0.9712674367054297
-0.5051616662510415,0.3088310792503489,-0.44800472454102386,-0.4328900180246505,0.7158821966309585,-0.39147780517173514,0.4107860317606331,-0.7292031549595991,0.5365151543062568,-0.3367281199597886,3.812933455813455,-0.5436323871846678,1.3732131246511905,0.6914107176547127
-1.329583922053855,1.4252221633731939,-1.1037797561155662,0.2611082648402657,-0.6880809462763582,-0.9016617835245769,-0.41139207443062487,-0.7292031549595991,0.5365151543062568,-0.3367281199597886,-0.26226526415648105,-0.5436323871846678,1.3732131246511905,0.6914107176547127
-0.48925831292462374,0.3088310792503489,-0.44800472454102386,-1.1268883008895667,0.7158821966309585,-0.39147780517173514,0.5954206369912746,-0.7292031549595991,0.5365151543062568,-0.3367281199597886,3.812933455813455,-0.5436323871846678,1.3732131246511905,0.6914107176547127
2.259411186183818,-1.6758641814124857,0.20777030703351856,-0.4328900180246505,2.1198453395382755,1.6492581082396318,1.385606563567259,-0.7292031549595991,0.5365151543062568,-0.3367281199597886,-0.26226526415648105,-0.5436323871846678,-0.7282190812544191,-0.9712674367054297
-0.6826105226330358,0.7553875128994866,-1.1037797561155662,-0.4328900180246505,-0.6880809462763582,0.11870617318110663,0.31634288714473385,1.1353416210130465,-1.4339586851458135,-0.3367281199597886,-0.26226526415648105,-0.5436323871846678,-0.7282190812544191,-0.9712674367054297
1.6781784545725213,-0.13772535439878872,-0.44800472454102386,-1.1268883008895667,2.1198453395382755,1.6492581082396318,2.068942792212488,1.1353416210130465,0.5365151543062568,2.497400223035096,-0.26226526415648105,-0.5436323871846678,1.3732131246511905,0.6914107176547127
4.5872173542504795,-2.242919970173295,2.1750954017571456,-1.1268883008895667,4.927771625352909,1.1390741298867901,3.353718057677349,-0.7292031549595991,0.5365151543062568,-0.3367281199597886,3.812933455813455,-0.5436323871846678,-0.7282190812544191,-0.9712674367054297
-0.7807459483384231,-2.095703563475777,0.20777030703351856,1.6491048305700982,0.7158821966309585,-1.4118457618774187,-0.36664484281187487,-0.7292031549595991,0.5365151543062568,-0.3367281199597886,-0.26226526415648105,-0.5436323871846678,1.3732131246511905,0.6914107176547127
-0.40802079264433494,1.106253282195238,0.20777030703351856,-0.4328900180246505,-0.6880809462763582,-0.9016617835245769,-0.40755858885580953,-0.7292031549595991,0.5365151543062568,-0.3367281199597886,-0.26226526415648105,-0.5436323871846678,1.3732131246511905,0.6914107176547127
0.0754830141172241,-2.4821466310567617,0.8635453386080609,-0.4328900180246505,2.1198453395382755,-1.4118457618774187,0.23597908954906302,-0.7292031549595991,0.5365151543062568,-0.3367281199597886,3.812933455813455,-0.5436323871846678,-0.7282190812544191,-0.9712674367054297
0.012029536686145478,0.1493466386613717,1.5193203701826035,0.955106547705182,-0.6880809462763582,-0.39147780517173514,-0.7458811157676754,-0.7292031549595991,0.5365151543062568,-0.3367281199597886,-0.26226526415648105,-0.5436323871846678,-0.7282190812544191,-0.9712674367054297
-0.6667071693066189,0.7553875128994866,-1.1037797561155662,-0.4328900180246505,-0.6880809462763582,-0.39147780517173514,0.54579442373185,1.1353416210130465,-1.4339586851458135,-0.3367281199597886,-0.26226526415648105,-0.5436323871846678,-0.7282190812544191,-0.9712674367054297
0.7400589059998753,0.9655317169696691,1.5193203701826035,1.6491048305700982,-0.6880809462763582,1.1390741298867901,-0.879913711410757,1.1353416210130465,-1.4339586851458135,-0.3367281199597886,-0.26226526415648105,1.7441539088841425,-0.7282190812544191,0.6914107176547127
-0.24724489121916884,-0.3291066831055621,0.8635453386080609,-0.4328900180246505,0.7158821966309585,-0.39147780517173514,0.009873140372694239,-0.7292031549595991,0.5365151543062568,-0.3367281199597886,3.812933455813455,-0.5436323871846678,-0.7282190812544191,-0.9712674367054297
-0.6671136701622702,0.48058355373078665,0.20777030703351856,-0.4328900180246505,-0.6880809462763582,-0.9016617835245769,-0.26822881314571134,-0.7292031549595991,0.5365151543062568,-0.3367281199597886,-0.26226526415648105,-0.5436323871846678,-0.7282190812544191,-0.9712674367054297
5.266767061954544,-1.8651936635151902,2.1750954017571456,-1.820886583754483,4.927771625352909,2.1594420865924735,3.9694455407303844,-0.7292031549595991,0.5365151543062568,-0.3367281199597886,3.812933455813455,-0.5436323871846678,-0.7282190812544191,-0.9712674367054297
0.9339991669513177,0.3088310792503489,1.5193203701826035,0.955106547705182,-0.6880809462763582,1.6492581082396318,-0.23742152907174036,-0.7292031549595991,0.5365151543062568,-0.3367281199597886,-0.26226526415648105,-0.5436323871846678,-0.7282190812544191,-0.9712674367054297
-0.6506222655928211,1.106253282195238,-0.44800472454102386,-0.4328900180246505,-0.6880809462763582,-0.39147780517173514,-0.387066865964981,-0.7292031549595991,0.5365151543062568,-0.3367281199597886,-0.26226526415648105,-0.5436323871846678,1.3732131246511905,0.6914107176547127
-1.572591895857992,0.5321092960749177,-0.44800472454102386,0.955106547705182,-0.6880809462763582,-1.4118457618774187,-0.8258476248583204,1.1353416210130465,-1.4339586851458135,-0.3367281199597886,-0.26226526415648105,1.7441539088841425,-0.7282190812544191,0.6914107176547127
0.30199958335191246,-2.186631344083068,0.8635453386080609,-0.4328900180246505,2.1198453395382755,-0.9016617835245769,0.18286788940344323,-0.7292031549595991,0.5365151543062568,-0.3367281199597886,3.812933455813455,-0.5436323871846678,-0.7282190812544191,-0.9712674367054297
-0.6671136701622702,0.48058355373078665,0.20777030703351856,-0.4328900180246505,-0.6880809462763582,-0.9016617835245769,-0.26822881314571134,-0.7292031549595991,0.5365151543062568,-0.3367281199597886,-0.26226526415648105,-0.5436323871846678,-0.7282190812544191,-0.9712674367054297
0.7080706489596607,1.0530918019989122,0.8635453386080609,0.955106547705182,-0.6880809462763582,1.6492581082396318,0.008897344044561986,1.1353416210130465,-1.4339586851458135,-0.3367281199597886,-0.26226526415648105,1.7441539088841425,-0.7282190812544191,0.6914107176547127
0.2870257675304985,0.7553875128994866,1.5193203701826035,1.6491048305700982,-0.6880809462763582,0.6288901515339483,-1.3067549052319911,1.1353416210130465,-1.4339586851458135,-0.3367281199597886,-0.26226526415648105,1.7441539088841425,-0.7282190812544191,0.6914107176547127
0.4489777714417263,0.9655317169696691,0.8635453386080609,0.955106547705182,0.7158821966309585,-0.9016617835245769,-0.5349000096773954,1.1353416210130465,0.5365151543062568,2.497400223035096,-0.26226526415648105,1.7441539088841425,1.3732131246511905,2.354088872014855
-0.9267945989232349,-1.1120303005423624,0.8635453386080609,-0.4328900180246505,0.7158821966309585,-1.9220297402302604,-0.7109476072204525,-0.7292031549595991,0.5365151543062568,-0.3367281199597886,3.812933455813455,-0.5436323871846678,-0.7282190812544191,-0.9712674367054297
5.266767061954543,-1.8651936635151902,2.1750954017571456,-1.820886583754483,4.927771625352909,2.1594420865924735,3.9694455407303844,-0.7292031549595991,0.5365151543062568,-0.3367281199597886,3.812933455813455,-0.5436323871846678,-0.7282190812544191,-0.9712674367054297
0.6754943406764147,1.0530918019989122,0.8635453386080609,0.955106547705182,0.7158821966309585,1.1390741298867901,-0.26300133281641624,2.9998863969856924,-1.4339586851458135,2.497400223035096,-0.26226526415648105,4.031940204952953,-0.7282190812544191,2.354088872014855
0.028520941255595476,0.7553875128994866,0.8635453386080609,1.6491048305700982,-0.6880809462763582,0.6288901515339483,-0.7734125121686211,1.1353416210130465,-1.4339586851458135,-0.3367281199597886,-0.26226526415648105,1.7441539088841425,-0.7282190812544191,0.6914107176547127
0.4489777714417263,0.9655317169696691,0.8635453386080609,0.955106547705182,0.7158821966309585,-0.9016617835245769,-0.43446268761723855,1.1353416210130465,0.5365151543062568,2.497400223035096,-0.26226526415648105,1.7441539088841425,1.3732131246511905,2.354088872014855
0.2870257675304985,0.7553875128994866,1.5193203701826035,1.6491048305700982,-0.6880809462763582,0.6288901515339483,-1.523033191389288,1.1353416210130465,-1.4339586851458135,-0.3367281199597886,-0.26226526415648105,1.7441539088841425,-0.7282190812544191,0.6914107176547127
0.5135423367651869,0.8670266213117713,1.5193203701826035,1.6491048305700982,-0.6880809462763582,1.1390741298867901,-1.034856228371012,1.1353416210130465,-1.4339586851458135,-0.3367281199597886,-0.26226526415648105,1.7441539088841425,-0.7282190812544191,0.6914107176547127
-1.3307600245399167,-0.8075600048724952,0.20777030703351856,0.2611082648402657,-0.6880809462763582,-1.9220297402302604,-1.6296737901068732,-0.7292031549595991,0.5365151543062568,-0.3367281199597886,-0.26226526415648105,-0.5436323871846678,-0.7282190812544191,-0.9712674367054297
1.2402356677182624,-1.3363768341938431,2.1750954017571456,-0.4328900180246505,0.7158821966309585,1.1390741298867901,0.20733249734453638,-0.7292031549595991,0.5365151543062568,-0.3367281199597886,-0.26226526415648105,-0.5436323871846678,-0.7282190812544191,-0.9712674367054297
-0.23075348664972067,0.3088310792503489,0.20777030703351856,0.2611082648402657,0.7158821966309585,-1.4118457618774187,-0.44275695640638574,1.1353416210130465,0.5365151543062568,2.497400223035096,-0.26226526415648105,1.7441539088841425,-0.7282190812544191,0.6914107176547127
1.0626052609488863,-1.1424773301093485,0.8635453386080609,0.2611082648402657,0.7158821966309585,1.1390741298867901,-0.43941136899563743,-0.7292031549595991,0.5365151543062568,-0.3367281199597886,-0.26226526415648105,-0.5436323871846678,-0.7282190812544191,-0.9712674367054297
0.8200037880004002,-1.1424773301093485,0.20777030703351856,-1.1268883008895667,0.7158821966309585,0.6288901515339483,0.30024224773050945,-0.7292031549595991,0.5365151543062568,-0.3367281199597886,-0.26226526415648105,-0.5436323871846678,-0.7282190812544191,-0.9712674367054297
1.0307985542960518,-0.8075600048724952,0.8635453386080609,0.955106547705182,0.7158821966309585,0.6288901515339483,-0.22640897051136333,1.1353416210130465,-1.4339586851458135,-0.3367281199597886,-0.26226526415648105,1.7441539088841425,-0.7282190812544191,0.6914107176547127
0.028339390868213653,0.44837996476570474,0.20777030703351856,-1.1268883008895667,-0.6880809462763582,0.6288901515339483,-0.1218593639254968,-0.7292031549595991,0.5365151543062568,-0.3367281199597886,-0.26226526415648105,-0.5436323871846678,-0.7282190812544191,-0.9712674367054297
1.0307985542960518,-0.8075600048724952,0.8635453386080609,0.955106547705182,0.7158821966309585,0.6288901515339483,0.015867317816952366,1.1353416210130465,-1.4339586851458135,-0.3367281199597886,-0.26226526415648105,1.7441539088841425,-0.7282190812544191,0.6914107176547127
0.8200037880004002,-1.1424773301093485,0.20777030703351856,-1.1268883008895667,0.7158821966309585,0.6288901515339483,0.30024224773050945,-0.7292031549595991,0.5365151543062568,-0.3367281199597886,-0.26226526415648105,-0.5436323871846678,-0.7282190812544191,-0.9712674367054297
1.2245572648601142,-0.8075600048724952,0.20777030703351856,-0.4328900180246505,2.1198453395382755,1.1390741298867901,0.5487218127162543,1.1353416210130465,0.5365151543062568,2.497400223035096,-0.26226526415648105,1.7441539088841425,-0.7282190812544191,0.6914107176547127
-0.7970774170332815,-0.13772535439878872,1.5193203701826035,3.731099679164847,-0.6880809462763582,-0.9016617835245769,-2.9502050210240993,-0.7292031549595991,0.5365151543062568,-0.3367281199597886,-0.26226526415648105,-0.5436323871846678,-0.7282190812544191,-0.9712674367054297
0.254855960102902,0.5715113343380775,0.20777030703351856,-0.4328900180246505,-0.6880809462763582,0.6288901515339483,0.1397934514900667,-0.7292031549595991,0.5365151543062568,-0.3367281199597886,-0.26226526415648105,-0.5436323871846678,-0.7282190812544191,-0.9712674367054297
1.2571335731433602,-0.8075600048724952,0.20777030703351856,-0.4328900180246505,0.7158821966309585,1.6492581082396318,0.8206204895772332,-0.7292031549595991,0.5365151543062568,-0.3367281199597886,-0.26226526415648105,-0.5436323871846678,-0.7282190812544191,-0.9712674367054297
0.577583865439295,-1.3363768341938431,0.20777030703351856,-0.4328900180246505,0.7158821966309585,0.11870617318110663,0.24720074732261338,-0.7292031549595991,0.5365151543062568,-0.3367281199597886,-0.26226526415648105,-0.5436323871846678,-0.7282190812544191,-0.9712674367054297
1.0620172097058551,-1.6889213870747408,1.5193203701826035,0.2611082648402657,0.7158821966309585,0.6288901515339483,-0.6469771879374453,-0.7292031549595991,0.5365151543062568,-0.3367281199597886,-0.26226526415648105,-0.5436323871846678,-0.7282190812544191,-0.9712674367054297
1.0306170039086717,-0.9670444454614735,0.20777030703351856,-0.4328900180246505,0.7158821966309585,1.1390741298867901,0.5487218127162542,-0.7292031549595991,0.5365151543062568,-0.3367281199597886,-0.26226526415648105,-0.5436323871846678,-0.7282190812544191,-0.9712674367054297
1.273218476857158,-0.9670444454614735,0.8635453386080609,-0.4328900180246505,0.7158821966309585,1.1390741298867901,-0.3145094389943871,-0.7292031549595991,0.5365151543062568,-0.3367281199597886,-0.26226526415648105,-0.5436323871846678,-0.7282190812544191,-0.9712674367054297
0.3831100363651568,0.6277999604283048,0.8635453386080609,-0.4328900180246505,-0.6880809462763582,0.6288901515339483,-0.7126343408733699,-0.7292031549595991,0.5365151543062568,-0.3367281199597886,-0.26226526415648105,-0.5436323871846678,-0.7282190812544191,-0.9712674367054297
0.8042819850613652,-0.9838322813129449,0.8635453386080609,1.6491048305700982,0.7158821966309585,0.6288901515339483,-0.4649214730025887,1.1353416210130465,-1.4339586851458135,-0.3367281199597886,-0.26226526415648105,1.7441539088841425,-0.7282190812544191,0.6914107176547127
1.0461138563794383,-1.6889213870747408,1.5193203701826035,0.955106547705182,0.7158821966309585,0.6288901515339483,-1.0646877161168455,-0.7292031549595991,0.5365151543062568,-0.3367281199597886,-0.26226526415648105,-0.5436323871846678,-0.7282190812544191,-0.9712674367054297
-0.666525618919238,1.106253282195238,-0.44800472454102386,0.955106547705182,-0.6880809462763582,0.11870617318110663,0.11449244669628694,1.1353416210130465,-1.4339586851458135,-0.3367281199597886,-0.26226526415648105,1.7441539088841425,-0.7282190812544191,0.6914107176547127
-1.2015658792993158,-1.5804461400344647,-1.1037797561155662,-1.1268883008895667,0.7158821966309585,-1.4118457618774187,-0.02427973111202245,-0.7292031549595991,0.5365151543062568,-0.3367281199597886,-0.26226526415648105,-0.5436323871846678,1.3732131246511905,0.6914107176547127
0.7715241263907374,-1.1424773301093485,0.20777030703351856,-0.4328900180246505,2.1198453395382755,0.11870617318110663,0.10424658525087185,1.1353416210130465,0.5365151543062568,2.497400223035096,-0.26226526415648105,1.7441539088841425,-0.7282190812544191,0.6914107176547127
-0.004055367027650475,0.7553875128994866,0.8635453386080609,0.955106547705182,0.7158821966309585,-0.9016617835245769,-0.9782600413391964,1.1353416210130465,0.5365151543062568,2.497400223035096,-0.26226526415648105,1.7441539088841425,1.3732131246511905,2.354088872014855
-0.7964243511965714,-0.8075600048724952,-1.7595547876901085,-1.820886583754483,0.7158821966309585,-0.39147780517173514,1.9810514229426355,-0.7292031549595991,0.5365151543062568,-0.3367281199597886,-0.26226526415648105,-0.5436323871846678,1.3732131246511905,0.6914107176547127
0.8201853383877812,-1.3363768341938431,0.8635453386080609,0.955106547705182,0.7158821966309585,0.6288901515339483,-0.7347291577318497,-0.7292031549595991,0.5365151543062568,-0.3367281199597886,-0.26226526415648105,-0.5436323871846678,-0.7282190812544191,-0.9712674367054297
0.2222796518196561,0.5715113343380775,0.20777030703351856,-0.4328900180246505,0.7158821966309585,-0.9016617835245769,0.0665390271422358,-0.7292031549595991,2.506988993758327,2.497400223035096,-0.26226526415648105,-0.5436323871846678,1.3732131246511905,0.6914107176547127
0.8360886917141981,-1.3363768341938431,0.8635453386080609,0.2611082648402657,0.7158821966309585,0.6288901515339483,-0.7113100458566158,-0.7292031549595991,0.5365151543062568,-0.3367281199597886,-0.26226526415648105,-0.5436323871846678,-0.7282190812544191,-0.9712674367054297
0.5126672823805195,0.7553875128994866,0.8635453386080609,0.955106547705182,0.7158821966309585,-0.9016617835245769,-1.0110189180694344,1.1353416210130465,0.5365151543062568,2.497400223035096,-0.26226526415648105,1.7441539088841425,1.3732131246511905,2.354088872014855
-0.7485761409108276,-3.547792665901295,1.5193203701826035,3.731099679164847,-0.6880809462763582,-1.4118457618774187,-0.7784308932847444,-0.7292031549595991,-1.4339586851458135,-3.170856462954673,-0.26226526415648105,-0.5436323871846678,-0.7282190812544191,-0.9712674367054297
-0.45727005588440905,0.1493466386613717,0.20777030703351856,-0.4328900180246505,0.7158821966309585,-1.9220297402302604,-0.748041807637118,-0.7292031549595991,2.506988993758327,2.497400223035096,-0.26226526415648105,-0.5436323871846678,1.3732131246511905,0.6914107176547127
-0.49027447953609554,1.3237320648165716,1.5193203701826035,1.6491048305700982,-0.6880809462763582,-0.9016617835245769,-2.8867085599576168,-0.7292031549595991,0.5365151543062568,-0.3367281199597886,-0.26226526415648105,-0.5436323871846678,1.3732131246511905,0.6914107176547127
0.4815540797249722,0.9655317169696691,0.8635453386080609,1.6491048305700982,-0.6880809462763582,1.1390741298867901,-0.2307303542502457,1.1353416210130465,-1.4339586851458135,-0.3367281199597886,-0.26226526415648105,1.7441539088841425,-0.7282190812544191,0.6914107176547127
-0.6667071693066189,0.7553875128994866,-1.1037797561155662,-0.4328900180246505,-0.6880809462763582,0.6288901515339483,0.6473469415955886,1.1353416210130465,-1.4339586851458135,-0.3367281199597886,-0.26226526415648105,-0.5436323871846678,-0.7282190812544191,-0.9712674367054297
0.33557044373383915,-0.8075600048724952,-1.1037797561155662,-0.4328900180246505,0.7158821966309585,0.6288901515339483,1.2266214618190168,1.1353416210130465,-1.4339586851458135,-0.3367281199597886,-0.26226526415648105,-0.5436323871846678,-0.7282190812544191,-0.9712674367054297
-0.21367403083724215,0.9655317169696691,-1.1037797561155662,-0.4328900180246505,-0.6880809462763582,1.6492581082396318,1.1911442953175455,1.1353416210130465,-1.4339586851458135,-0.3367281199597886,-0.26226526415648105,-0.5436323871846678,-0.7282190812544191,-0.9712674367054297
-0.6992834775898649,-0.13772535439878872,-1.1037797561155662,-0.4328900180246505,-0.6880809462763582,0.11870617318110663,0.4901043332904441,1.1353416210130465,-1.4339586851458135,-0.3367281199597886,-0.26226526415648105,-0.5436323871846678,-0.7282190812544191,-0.9712674367054297
-0.4727669083551765,0.029733308219638075,-1.1037797561155662,-1.1268883008895667,-0.6880809462763582,0.6288901515339483,0.5713742274765249,-0.7292031549595991,0.5365151543062568,-0.3367281199597886,-0.26226526415648105,-0.5436323871846678,1.3732131246511905,0.6914107176547127
0.33557044373383915,-0.8075600048724952,-1.1037797561155662,-0.4328900180246505,0.7158821966309585,0.6288901515339483,1.2266214618190168,1.1353416210130465,-1.4339586851458135,-0.3367281199597886,-0.26226526415648105,-0.5436323871846678,-0.7282190812544191,-0.9712674367054297
-1.1197403077759958,0.48058355373078665,-1.1037797561155662,-0.4328900180246505,-0.6880809462763582,-0.39147780517173514,0.1035495878736318,1.1353416210130465,-1.4339586851458135,-0.3367281199597886,-0.26226526415648105,-0.5436323871846678,-0.7282190812544191,-0.9712674367054297
-1.1042434553052283,-0.5030897092026289,0.20777030703351856,0.2611082648402657,-0.6880809462763582,-1.4118457618774187,-1.357775113245895,-0.7292031549595991,0.5365151543062568,-0.3367281199597886,-0.26226526415648105,-0.5436323871846678,-0.7282190812544191,-0.9712674367054297
0.6754943406764147,1.0530918019989122,0.8635453386080609,0.955106547705182,0.7158821966309585,-0.9016617835245769,-0.3634386548765732,1.1353416210130465,0.5365151543062568,2.497400223035096,-0.26226526415648105,1.7441539088841425,1.3732131246511905,2.354088872014855
-0.7813556140942446,0.10585088213710467,0.8635453386080609,0.955106547705182,-0.6880809462763582,-0.9016617835245769,-2.3254862718046825,-0.7292031549595991,0.5365151543062568,-0.3367281199597886,-0.26226526415648105,-0.5436323871846678,-0.7282190812544191,-0.9712674367054297
0.254855960102902,0.5715113343380775,0.20777030703351856,-1.1268883008895667,-0.6880809462763582,1.1390741298867901,0.1500393129354816,-0.7292031549595991,0.5365151543062568,-0.3367281199597886,-0.26226526415648105,-0.5436323871846678,-0.7282190812544191,-0.9712674367054297
-0.19817717836647472,0.3088310792503489,0.20777030703351856,-0.4328900180246505,-0.6880809462763582,0.11870617318110663,-0.30356658017173394,-0.7292031549595991,0.5365151543062568,-0.3367281199597886,-0.26226526415648105,-0.5436323871846678,-0.7282190812544191,-0.9712674367054297
1.4836501423780486,-0.661943776508646,0.20777030703351856,-0.4328900180246505,0.7158821966309585,1.1390741298867901,1.059829989445697,-0.7292031549595991,0.5365151543062568,-0.3367281199597886,-0.26226526415648105,-0.5436323871846678,-0.7282190812544191,-0.9712674367054297
-0.23075348664972067,0.3088310792503489,0.20777030703351856,-0.4328900180246505,0.7158821966309585,-1.9220297402302604,-0.4772583265797212,-0.7292031549595991,2.506988993758327,2.497400223035096,-0.26226526415648105,-0.5436323871846678,1.3732131246511905,0.6914107176547127
0.20678279934888866,1.1314350359724452,-1.1037797561155662,-0.4328900180246505,0.7158821966309585,0.11870617318110663,1.4619277763749419,2.9998863969856924,-1.4339586851458135,2.497400223035096,-0.26226526415648105,1.7441539088841425,-0.7282190812544191,0.6914107176547127
