mw,fsp3,n_lipinski_hba,n_rings,clogp,n_aliphatic_carbocycles,n_aliphatic_heterocyles,n_aliphatic_rings,n_aromatic_carbocycles,n_aromatic_heterocyles,n_aromatic_rings,n_saturated_heterocyles
-1.2804031189016885,0.6517295454037694,-1.3851004802938098,-0.08153142158133703,0.3244796095580239,2.121619906589628,-0.8822535959215926,1.121720434710386,-0.5031820480042667,-0.8401582718676937,-0.9083704808213932,-0.5562063995607985
-0.8860203990956776,-0.98273422526837,-0.6069689367066979,0.683310961824539,-0.2696334720825784,-0.2873663850423992,0.4546999302057439,0.10338437186270837,1.3849486845069818,-0.8401582718676937,0.5954025000341907,-0.5562063995607985
-0.20408962634141906,-0.9725822763822076,-1.1257232990981059,0.683310961824539,0.35283961053258667,-0.2873663850423992,0.4546999302057439,0.10338437186270837,1.3849486845069818,-0.8401582718676937,0.5954025000341907,-0.5562063995607985
0.4959214269702402,-1.1756212541054547,1.2086713316632298,0.683310961824539,0.2785496371342055,-0.2873663850423992,-0.8822535959215926,-0.9149516909849693,2.329014050762606,-0.8401582718676937,1.3472889904619825,-0.5562063995607985
-0.8951453429841557,0.11029227147511056,-1.1257232990981059,-0.846373804987213,-0.2893118401057448,-0.2873663850423992,0.4546999302057439,0.10338437186270837,-0.5031820480042667,-0.8401582718676937,-0.9083704808213932,-0.5562063995607985
-0.6155610656072507,-0.918438548989342,-1.1257232990981059,-0.08153142158133703,-0.12390606182698598,-0.2873663850423992,0.4546999302057439,0.10338437186270837,0.44088331825135757,-0.8401582718676937,-0.15648399039360125,-0.5562063995607985
-1.9229902264238194,-0.7898471964312851,-0.6069689367066979,-0.846373804987213,-1.3955999247694766,-0.2873663850423992,0.4546999302057439,0.10338437186270837,-0.5031820480042667,-0.8401582718676937,-0.9083704808213932,-0.5562063995607985
-1.6923808193002163,-0.21118610992003073,-0.6069689367066979,-0.846373804987213,-1.073056590070432,-0.2873663850423992,0.4546999302057439,0.10338437186270837,-0.5031820480042667,-0.8401582718676937,-0.9083704808213932,-0.5562063995607985
1.4848406248640806,1.4476423380788987,2.7649344188374534,-2.376058571798965,-2.9997176475318867,-0.2873663850423992,-0.8822535959215926,-0.9149516909849693,-1.4472474142598908,-0.8401582718676937,-1.660256971249185,-0.5562063995607985
-0.1442378798644438,1.3043548309427786,-1.1257232990981059,1.448153345230415,1.2821877474249903,5.735099344037669,-0.8822535959215926,4.176728623253419,-1.4472474142598908,-0.8401582718676937,-1.660256971249185,-0.5562063995607985
0.58605515297813,-0.6245154574280698,-0.347591755510994,0.683310961824539,1.1113249427196377,-0.2873663850423992,-0.8822535959215926,-0.9149516909849693,-0.5031820480042667,2.893176605378975,1.3472889904619825,-0.5562063995607985
-0.5409228903250328,-1.1756212541054547,0.43053978807611787,0.683310961824539,0.11992380077939278,-0.2873663850423992,0.4546999302057439,0.10338437186270837,1.3849486845069818,-0.8401582718676937,0.5954025000341907,-0.5562063995607985
-0.7392708150775162,-0.5326644913151724,-1.3851004802938098,-0.846373804987213,0.5942303476907154,-0.2873663850423992,-0.8822535959215926,-0.9149516909849693,-1.4472474142598908,1.648731646296752,-0.15648399039360125,-0.5562063995607985
-0.27582570349972363,1.166578381773432,-1.3851004802938098,1.448153345230415,1.58856670839072,5.735099344037669,-0.8822535959215926,4.176728623253419,-1.4472474142598908,-0.8401582718676937,-1.660256971249185,-0.5562063995607985
0.2813550637417833,-0.9919193218796597,-0.6069689367066979,0.683310961824539,1.2337359673343358,-0.2873663850423992,-0.8822535959215926,-0.9149516909849693,0.44088331825135757,1.648731646296752,1.3472889904619825,-0.5562063995607985
0.21795935089443885,1.3962057970556758,-0.8663461179024019,1.448153345230415,1.43275206746779,5.735099344037669,-0.8822535959215926,4.176728623253419,-1.4472474142598908,-0.8401582718676937,-1.660256971249185,-0.5562063995607985
0.0033724618961781584,0.7532490342653934,-0.347591755510994,-0.08153142158133703,0.8942014367161288,0.9171267607736144,-0.8822535959215926,0.10338437186270837,-0.5031820480042667,0.4042866872145292,-0.15648399039360125,-0.5562063995607985
-0.030391131265366213,-0.6495657209134056,0.17116260688041388,-0.08153142158133703,0.14157827382673455,-0.2873663850423992,-0.8822535959215926,-0.9149516909849693,0.44088331825135757,0.4042866872145292,0.5954025000341907,-0.5562063995607985
-0.5652017980070747,-0.3634653432124665,-0.8663461179024019,-0.08153142158133703,0.7188737922072015,-0.2873663850423992,-0.8822535959215926,-0.9149516909849693,-0.5031820480042667,1.648731646296752,0.5954025000341907,-0.5562063995607985
-0.22820131900844645,-0.7898471964312851,-0.347591755510994,-0.08153142158133703,0.48499886871842435,-0.2873663850423992,-0.8822535959215926,-0.9149516909849693,0.44088331825135757,0.4042866872145292,0.5954025000341907,-0.5562063995607985
-0.0635761593850628,-0.7898471964312851,-0.347591755510994,-0.08153142158133703,0.47544907247188783,-0.2873663850423992,-0.8822535959215926,-0.9149516909849693,0.44088331825135757,0.4042866872145292,0.5954025000341907,-0.5562063995607985
1.0556886582313443,-0.9345124680590987,0.6899169692718218,2.212995728636291,1.0002827231603422,-0.2873663850423992,-0.8822535959215926,-0.9149516909849693,2.329014050762606,1.648731646296752,2.8510619713175664,-0.5562063995607985
-1.3133017919605612,0.8818403868234498,-0.6069689367066979,-0.846373804987213,-0.7012346530948868,-0.2873663850423992,-0.8822535959215926,-0.9149516909849693,-0.5031820480042667,0.4042866872145292,-0.15648399039360125,-0.5562063995607985
0.9913880033818344,1.0858128770879532,0.9492941504675257,-0.846373804987213,-0.21538566846913476,-0.2873663850423992,0.4546999302057439,0.10338437186270837,-1.4472474142598908,0.4042866872145292,-0.9083704808213932,1.1558664240872845
1.1722500355240624,0.6910274120598822,0.9492941504675257,-0.08153142158133703,-0.2623491686252634,-0.2873663850423992,0.4546999302057439,0.10338437186270837,-0.5031820480042667,0.4042866872145292,-0.15648399039360125,1.1558664240872845
-0.5575053486521578,-1.1756212541054547,0.43053978807611787,1.448153345230415,0.41480993336184413,-0.2873663850423992,-0.8822535959215926,-0.9149516909849693,1.3849486845069818,1.648731646296752,2.0991754808897745,-0.5562063995607985
-0.6637779487980668,0.11029227147511056,-0.347591755510994,-0.08153142158133703,-0.16704964348449952,-0.2873663850423992,0.4546999302057439,0.10338437186270837,-0.5031820480042667,0.4042866872145292,-0.15648399039360125,1.1558664240872845
1.1709933617931463,-0.8249175653107552,0.6899169692718218,2.212995728636291,1.1255462843162136,-0.2873663850423992,-0.8822535959215926,-0.9149516909849693,2.329014050762606,1.648731646296752,2.8510619713175664,-0.5562063995607985
-0.8533340097970294,-0.3489625590893774,0.17116260688041388,-0.846373804987213,-0.3647841692298899,-0.2873663850423992,-0.8822535959215926,-0.9149516909849693,-0.5031820480042667,0.4042866872145292,-0.15648399039360125,-0.5562063995607985
-0.4835916614078384,-0.3489625590893774,-0.8663461179024019,-0.846373804987213,0.41618245819035016,-0.2873663850423992,-0.8822535959215926,-0.9149516909849693,-0.5031820480042667,0.4042866872145292,-0.15648399039360125,-0.5562063995607985
-0.9268075016249415,-0.3183455703850779,-0.347591755510994,-0.08153142158133703,-0.40862228152351554,-0.2873663850423992,-0.8822535959215926,-0.9149516909849693,0.44088331825135757,0.4042866872145292,0.5954025000341907,-0.5562063995607985
-1.165305338218936,-0.10402664945498356,-0.8663461179024019,-0.08153142158133703,-0.11584454551497436,-0.2873663850423992,-0.8822535959215926,-0.9149516909849693,0.44088331825135757,0.4042866872145292,0.5954025000341907,-0.5562063995607985
-0.005920243467850101,-0.7898471964312851,0.6899169692718218,-0.08153142158133703,0.01987004807000699,-0.2873663850423992,-0.8822535959215926,-0.9149516909849693,0.44088331825135757,0.4042866872145292,0.5954025000341907,-0.5562063995607985
-0.8536109626170325,-0.8788719789714783,-0.8663461179024019,-0.846373804987213,-0.03841264781037182,-0.2873663850423992,-0.8822535959215926,-0.9149516909849693,0.44088331825135757,-0.8401582718676937,-0.15648399039360125,-0.5562063995607985
-0.7378223833561787,-0.26791758898976165,-0.347591755510994,-0.846373804987213,-0.6788277718584239,-0.2873663850423992,-0.8822535959215926,-0.9149516909849693,0.44088331825135757,-0.8401582718676937,-0.15648399039360125,-0.5562063995607985
0.3907435661938701,-0.4040731387571155,-1.3851004802938098,1.448153345230415,1.6597560985921758,-0.2873663850423992,0.4546999302057439,0.10338437186270837,2.329014050762606,-0.8401582718676937,1.3472889904619825,1.1558664240872845
-0.3022457535665578,-0.7695432986589607,-0.347591755510994,-0.08153142158133703,0.5567422297843974,-0.2873663850423992,-0.8822535959215926,-0.9149516909849693,0.44088331825135757,0.4042866872145292,0.5954025000341907,-0.5562063995607985
0.2736917676861496,-0.7898471964312851,0.6899169692718218,-0.08153142158133703,-0.5013586578881523,-0.2873663850423992,-0.8822535959215926,-0.9149516909849693,0.44088331825135757,0.4042866872145292,0.5954025000341907,-0.5562063995607985
0.20021827585823707,-0.3719253006176016,0.17116260688041388,-0.08153142158133703,0.46346015077710195,-0.2873663850423992,-0.8822535959215926,-0.9149516909849693,0.44088331825135757,0.4042866872145292,0.5954025000341907,-0.5562063995607985
-0.36731187484038963,-0.2988620321187059,-0.6069689367066979,-0.08153142158133703,0.6970043453915395,-0.2873663850423992,-0.8822535959215926,-0.9149516909849693,0.44088331825135757,0.4042866872145292,0.5954025000341907,-0.5562063995607985
-0.8287225581405444,-0.14689043364100268,-0.6069689367066979,-0.846373804987213,0.08205534466758507,-0.2873663850423992,-0.8822535959215926,-0.9149516909849693,-0.5031820480042667,0.4042866872145292,-0.15648399039360125,-0.5562063995607985
-0.49953146964123346,-0.4040731387571155,0.6899169692718218,-0.846373804987213,-0.5977578565360928,-0.2873663850423992,-0.8822535959215926,-0.9149516909849693,-0.5031820480042667,0.4042866872145292,-0.15648399039360125,-0.5562063995607985
-0.28561704768480073,0.02992267612632529,-0.08821457431529006,-0.846373804987213,-0.04019031550994348,-0.2873663850423992,-0.8822535959215926,-0.9149516909849693,-0.5031820480042667,0.4042866872145292,-0.15648399039360125,-0.5562063995607985
0.5947692933003119,-0.4040731387571155,-0.347591755510994,0.683310961824539,1.3916590048311768,-0.2873663850423992,-0.8822535959215926,-0.9149516909849693,0.44088331825135757,1.648731646296752,1.3472889904619825,-0.5562063995607985
-0.3022457535665578,-0.7695432986589607,-0.347591755510994,-0.08153142158133703,0.5567422297843974,-0.2873663850423992,-0.8822535959215926,-0.9149516909849693,0.44088331825135757,0.4042866872145292,0.5954025000341907,-0.5562063995607985
-0.11193224166562347,0.6693851086840522,-0.347591755510994,-0.08153142158133703,0.7480523471457541,0.9171267607736144,-0.8822535959215926,0.10338437186270837,-0.5031820480042667,0.4042866872145292,-0.15648399039360125,-0.5562063995607985
-0.7297270310067389,-0.04099167271083842,-0.347591755510994,-0.08153142158133703,-0.29744777041448295,-0.2873663850423992,0.4546999302057439,0.10338437186270837,0.44088331825135757,-0.8401582718676937,-0.15648399039360125,-0.5562063995607985
0.940383954669543,-1.0511780096944323,0.6899169692718218,2.212995728636291,0.875019162004471,-0.2873663850423992,-0.8822535959215926,-0.9149516909849693,2.329014050762606,1.648731646296752,2.8510619713175664,-0.5562063995607985
-0.3347456346934341,-0.5969601675942003,-0.08821457431529006,-0.08153142158133703,0.11442543324350798,-0.2873663850423992,-0.8822535959215926,-0.9149516909849693,0.44088331825135757,0.4042866872145292,0.5954025000341907,-0.5562063995607985
-1.1824587392762607,0.30812512156442823,-0.347591755510994,-0.08153142158133703,-0.9609395016695336,-0.2873663850423992,1.7916534563330804,1.121720434710386,-0.5031820480042667,-0.8401582718676937,-0.9083704808213932,1.1558664240872845
2.0365455984340137,0.4486905676805223,1.2086713316632298,0.683310961824539,-0.0031073404746903735,-0.2873663850423992,0.4546999302057439,0.10338437186270837,1.3849486845069818,-0.8401582718676937,0.5954025000341907,1.1558664240872845
1.3368289475928126,0.2993972017075464,0.6899169692718218,0.683310961824539,0.04038350650087895,-0.2873663850423992,0.4546999302057439,0.10338437186270837,1.3849486845069818,-0.8401582718676937,0.5954025000341907,1.1558664240872845
1.0202800998668728,-1.1756212541054547,-0.347591755510994,-0.846373804987213,1.1496068099243684,-0.2873663850423992,-0.8822535959215926,-0.9149516909849693,0.44088331825135757,-0.8401582718676937,-0.15648399039360125,-0.5562063995607985
0.1656590794971058,-0.6245154574280698,0.17116260688041388,-0.846373804987213,0.6818817676123907,-0.2873663850423992,-0.8822535959215926,-0.9149516909849693,0.44088331825135757,-0.8401582718676937,-0.15648399039360125,-0.5562063995607985
-0.5981928864405455,0.02992267612632529,-0.347591755510994,-0.08153142158133703,0.337965079409193,-0.2873663850423992,-0.8822535959215926,-0.9149516909849693,-1.4472474142598908,2.893176605378975,0.5954025000341907,-0.5562063995607985
1.5841946412643209,1.1624033378592096,1.2086713316632298,-0.846373804987213,-0.0720229696650643,-0.2873663850423992,0.4546999302057439,0.10338437186270837,-0.5031820480042667,-0.8401582718676937,-0.9083704808213932,1.1558664240872845
1.1066927069436356,1.0104317393815063,0.9492941504675257,-0.846373804987213,-0.29840688415006444,-0.2873663850423992,0.4546999302057439,0.10338437186270837,-0.5031820480042667,-0.8401582718676937,-0.9083704808213932,1.1558664240872845
-1.2651711463365876,-1.1756212541054547,-0.347591755510994,-0.846373804987213,-0.9066999662779487,-0.2873663850423992,-0.8822535959215926,-0.9149516909849693,-0.5031820480042667,0.4042866872145292,-0.15648399039360125,-0.5562063995607985
1.337302114067239,1.3560209993812833,0.9492941504675257,-0.08153142158133703,-0.07041066640266283,0.9171267607736144,0.4546999302057439,1.121720434710386,-0.5031820480042667,-0.8401582718676937,-0.9083704808213932,1.1558664240872845
0.8761757151946313,0.9675679551954877,1.2086713316632298,-1.611216188393089,-0.8572229266768429,-0.2873663850423992,-0.8822535959215926,-0.9149516909849693,-0.5031820480042667,-0.8401582718676937,-0.9083704808213932,-0.5562063995607985
-1.915040968518064,-1.1756212541054547,-1.1257232990981059,-0.846373804987213,-0.39609592540792826,-0.2873663850423992,-0.8822535959215926,-0.9149516909849693,-1.4472474142598908,1.648731646296752,-0.15648399039360125,-0.5562063995607985
-1.4055243078149648,-1.1756212541054547,-0.8663461179024019,-0.846373804987213,-0.2745530640883701,-0.2873663850423992,-0.8822535959215926,-0.9149516909849693,-1.4472474142598908,1.648731646296752,-0.15648399039360125,-0.5562063995607985
1.3862769843205411,0.4609959602698101,0.9492941504675257,-0.08153142158133703,-0.21713026328127194,-0.2873663850423992,0.4546999302057439,0.10338437186270837,0.44088331825135757,-0.8401582718676937,-0.15648399039360125,1.1558664240872845
-1.3637142024693096,-1.1756212541054547,-0.8663461179024019,-0.08153142158133703,0.04757685951775087,-0.2873663850423992,-0.8822535959215926,-0.9149516909849693,-0.5031820480042667,1.648731646296752,0.5954025000341907,-0.5562063995607985
-1.224177120928275,-1.1756212541054547,-1.1257232990981059,-0.08153142158133703,0.350772555067968,-0.2873663850423992,-0.8822535959215926,-0.9149516909849693,-0.5031820480042667,1.648731646296752,0.5954025000341907,-0.5562063995607985
-1.7670902893857015,-1.1756212541054547,-0.8663461179024019,-0.846373804987213,-0.3196562143263424,-0.2873663850423992,-0.8822535959215926,-0.9149516909849693,-1.4472474142598908,1.648731646296752,-0.15648399039360125,-0.5562063995607985
-0.8621994929994338,-1.1756212541054547,-0.8663461179024019,-0.08153142158133703,0.6396228856937339,-0.2873663850423992,-0.8822535959215926,-0.9149516909849693,-0.5031820480042667,1.648731646296752,0.5954025000341907,-0.5562063995607985
-1.4377586370274216,-0.8788719789714783,-0.8663461179024019,-0.846373804987213,-0.1478425641072663,-0.2873663850423992,-0.8822535959215926,-0.9149516909849693,-0.5031820480042667,0.4042866872145292,-0.15648399039360125,-0.5562063995607985
-1.6274607924700688,-1.1756212541054547,-0.8663461179024019,-0.846373804987213,-0.3760868285104228,-0.2873663850423992,-0.8822535959215926,-0.9149516909849693,-1.4472474142598908,1.648731646296752,-0.15648399039360125,-0.5562063995607985
1.3284436592305473,0.6246576817073368,1.2086713316632298,-0.08153142158133703,-0.6557098235421315,-0.2873663850423992,0.4546999302057439,0.10338437186270837,-0.5031820480042667,0.4042866872145292,-0.15648399039360125,1.1558664240872845
1.213157287205019,0.8197618028299054,0.9492941504675257,-0.08153142158133703,-0.20741510259756693,-0.2873663850423992,0.4546999302057439,0.10338437186270837,-0.5031820480042667,0.4042866872145292,-0.15648399039360125,1.1558664240872845
0.6530283480697663,-0.7080163357125219,-1.3851004802938098,2.212995728636291,2.2699508717475045,-0.2873663850423992,0.4546999302057439,0.10338437186270837,2.329014050762606,0.4042866872145292,2.0991754808897745,-0.5562063995607985
1.5903519701102982,-0.734736616763547,-0.8663461179024019,3.742680495448043,2.864312000043855,-0.2873663850423992,0.4546999302057439,0.10338437186270837,2.329014050762606,2.893176605378975,3.6029484617453584,-0.5562063995607985
0.2747218254581842,-0.11141695707326295,-1.3851004802938098,1.448153345230415,2.03618343514289,-0.2873663850423992,0.4546999302057439,0.10338437186270837,1.3849486845069818,0.4042866872145292,1.3472889904619825,-0.5562063995607985
0.44691756252077336,-0.28537342870352517,-0.8663461179024019,1.448153345230415,0.5019983328594463,-0.2873663850423992,0.4546999302057439,0.10338437186270837,0.44088331825135757,1.648731646296752,1.3472889904619825,-0.5562063995607985
0.7027757230511408,-0.24041141731958912,-1.3851004802938098,1.448153345230415,2.456705198864841,-0.2873663850423992,0.4546999302057439,0.10338437186270837,1.3849486845069818,0.4042866872145292,1.3472889904619825,-0.5562063995607985
-0.42528011220407286,-0.10402664945498356,0.17116260688041388,0.683310961824539,-1.061977172780078,-0.2873663850423992,1.7916534563330804,1.121720434710386,-0.5031820480042667,0.4042866872145292,-0.15648399039360125,1.1558664240872845
-1.0508709156409808,0.30812512156442823,-0.08821457431529006,-0.08153142158133703,-1.4278459900175224,-0.2873663850423992,1.7916534563330804,1.121720434710386,-0.5031820480042667,-0.8401582718676937,-0.9083704808213932,1.1558664240872845
-0.951849332152657,0.6246576817073368,-0.347591755510994,-0.08153142158133703,-0.8491944832522667,-0.2873663850423992,1.7916534563330804,1.121720434710386,-0.5031820480042667,-0.8401582718676937,-0.9083704808213932,1.1558664240872845
-0.951849332152657,0.6246576817073368,-0.347591755510994,-0.08153142158133703,-0.7575412439510899,-0.2873663850423992,1.7916534563330804,1.121720434710386,-0.5031820480042667,-0.8401582718676937,-0.9083704808213932,1.1558664240872845
-1.0671540357144587,0.4776961359267004,-0.347591755510994,-0.08153142158133703,-0.8003292920686893,-0.2873663850423992,1.7916534563330804,1.121720434710386,-0.5031820480042667,-0.8401582718676937,-0.9083704808213932,1.1558664240872845
-1.0671540357144587,0.4776961359267004,-0.347591755510994,-0.08153142158133703,-0.8592403728103118,-0.2873663850423992,1.7916534563330804,1.121720434710386,-0.5031820480042667,-0.8401582718676937,-0.9083704808213932,1.1558664240872845
-0.2110462405285454,0.22719350107334366,-0.347591755510994,0.683310961824539,-0.09827457406571836,-0.2873663850423992,1.7916534563330804,1.121720434710386,0.44088331825135757,-0.8401582718676937,-0.15648399039360125,1.1558664240872845
-0.8365446285908553,0.7532490342653934,-0.347591755510994,-0.08153142158133703,-0.7474953543930447,-0.2873663850423992,1.7916534563330804,1.121720434710386,-0.5031820480042667,-0.8401582718676937,-0.9083704808213932,1.1558664240872845
-0.32635094409034704,0.11029227147511056,-0.347591755510994,0.683310961824539,-0.1999737029249405,-0.2873663850423992,1.7916534563330804,1.121720434710386,0.44088331825135757,-0.8401582718676937,-0.15648399039360125,1.1558664240872845
1.5431082004814092,1.653388502171789,1.7274256940546375,-1.611216188393089,-1.0940578735909519,-0.2873663850423992,0.4546999302057439,0.10338437186270837,-1.4472474142598908,-0.8401582718676937,-1.660256971249185,1.1558664240872845
-0.1881628013008464,-0.918438548989342,-1.1257232990981059,-0.08153142158133703,0.20372222931502001,-0.2873663850423992,0.4546999302057439,0.10338437186270837,0.44088331825135757,-0.8401582718676937,-0.15648399039360125,-0.5562063995607985
-0.1550870223110231,-0.9486953378265315,-1.1257232990981059,0.683310961824539,0.378264392747392,-0.2873663850423992,0.4546999302057439,0.10338437186270837,0.44088331825135757,0.4042866872145292,0.5954025000341907,-0.5562063995607985
-0.820734674991804,-0.9486953378265315,-0.347591755510994,0.683310961824539,0.09036490763535086,-0.2873663850423992,0.4546999302057439,0.10338437186270837,0.44088331825135757,0.4042866872145292,0.5954025000341907,-0.5562063995607985
-1.0428144792386307,-0.9486953378265315,-1.1257232990981059,0.683310961824539,0.1858215289914251,-0.2873663850423992,0.4546999302057439,0.10338437186270837,0.44088331825135757,0.4042866872145292,0.5954025000341907,-0.5562063995607985
-1.2893040706374714,-0.4040731387571155,-0.347591755510994,-0.08153142158133703,-0.5902668475323161,-0.2873663850423992,0.4546999302057439,0.10338437186270837,-0.5031820480042667,0.4042866872145292,-0.15648399039360125,-0.5562063995607985
-0.2031855448352494,-1.1756212541054547,0.17116260688041388,0.683310961824539,0.33365733582092844,-0.2873663850423992,0.4546999302057439,0.10338437186270837,1.3849486845069818,-0.8401582718676937,0.5954025000341907,-0.5562063995607985
-0.3676389468711315,-1.1756212541054547,-0.347591755510994,0.683310961824539,0.31855956270735675,-0.2873663850423992,0.4546999302057439,0.10338437186270837,1.3849486845069818,-0.8401582718676937,0.5954025000341907,-0.5562063995607985
-0.42526534908207575,-1.1756212541054547,-0.6069689367066979,0.683310961824539,0.42911395717700346,-0.2873663850423992,0.4546999302057439,0.10338437186270837,1.3849486845069818,-0.8401582718676937,0.5954025000341907,-0.5562063995607985
0.4310068720837939,-0.677848276461365,-0.347591755510994,1.448153345230415,1.4289073443035993,-0.2873663850423992,0.4546999302057439,0.10338437186270837,1.3849486845069818,0.4042866872145292,1.3472889904619825,-0.5562063995607985
0.05222718299778721,-1.1756212541054547,-0.6069689367066979,1.448153345230415,1.060764766055074,-0.2873663850423992,0.4546999302057439,0.10338437186270837,2.329014050762606,-0.8401582718676937,1.3472889904619825,-0.5562063995607985
0.7103992804077517,-0.677848276461365,-0.347591755510994,1.448153345230415,1.6990301524199232,-0.2873663850423992,0.4546999302057439,0.10338437186270837,1.3849486845069818,0.4042866872145292,1.3472889904619825,-0.5562063995607985
-0.5498619453263834,-0.9486953378265315,-1.1257232990981059,0.683310961824539,0.44354200432003915,-0.2873663850423992,0.4546999302057439,0.10338437186270837,0.44088331825135757,0.4042866872145292,0.5954025000341907,-0.5562063995607985
0.59509457684595,-0.7898471964312851,-0.347591755510994,1.448153345230415,1.6270552811419123,-0.2873663850423992,0.4546999302057439,0.10338437186270837,1.3849486845069818,0.4042866872145292,1.3472889904619825,-0.5562063995607985
-0.030211942163411703,-1.1756212541054547,-0.347591755510994,1.448153345230415,0.8925064512351417,-0.2873663850423992,0.4546999302057439,0.10338437186270837,1.3849486845069818,0.4042866872145292,1.3472889904619825,-0.5562063995607985
-0.6151225282638598,-0.9345124680590987,-0.6069689367066979,-0.08153142158133703,0.17709855493073587,-0.2873663850423992,-0.8822535959215926,-0.9149516909849693,-0.5031820480042667,1.648731646296752,0.5954025000341907,-0.5562063995607985
1.3695359213022775,1.3962057970556758,2.7649344188374534,-2.376058571798965,-3.160989314881408,-0.2873663850423992,-0.8822535959215926,-0.9149516909849693,-1.4472474142598908,-0.8401582718676937,-1.660256971249185,-0.5562063995607985
1.8880861764884138,1.4376868785260166,1.7274256940546375,-0.08153142158133703,-0.5399629857453634,-0.2873663850423992,1.7916534563330804,1.121720434710386,-0.5031820480042667,-0.8401582718676937,-0.9083704808213932,2.8679392477353676
1.2219974105054376,1.3132436341149942,0.9492941504675257,-0.08153142158133703,0.01206484663560789,-0.2873663850423992,1.7916534563330804,1.121720434710386,-0.5031820480042667,-0.8401582718676937,-0.9083704808213932,2.8679392477353676
-1.1746493487769416,-0.9000683557667624,-1.1257232990981059,-0.846373804987213,0.588368178393058,-0.2873663850423992,-0.8822535959215926,-0.9149516909849693,0.44088331825135757,-0.8401582718676937,-0.15648399039360125,-0.5562063995607985
-1.116847731626747,-1.1756212541054547,-0.08821457431529006,-0.08153142158133703,-0.5508356974892566,-0.2873663850423992,-0.8822535959215926,-0.9149516909849693,0.44088331825135757,0.4042866872145292,0.5954025000341907,-0.5562063995607985
-1.3800233788973058,-1.1756212541054547,-0.6069689367066979,-0.08153142158133703,-0.30741924597580156,-0.2873663850423992,-0.8822535959215926,-0.9149516909849693,0.44088331825135757,0.4042866872145292,0.5954025000341907,-0.5562063995607985
2.423479960585788,1.0936379086837784,2.7649344188374534,-1.611216188393089,-1.9557802239028987,-0.2873663850423992,-0.8822535959215926,-0.9149516909849693,-0.5031820480042667,-0.8401582718676937,-0.9083704808213932,-0.5562063995607985
0.5965914378177254,1.7176841784508174,1.2086713316632298,-2.376058571798965,-1.0232901627042796,-0.2873663850423992,-0.8822535959215926,-0.9149516909849693,-1.4472474142598908,-0.8401582718676937,-1.660256971249185,-0.5562063995607985
0.67033653412219,1.2354666063581055,1.4680485128589338,-1.611216188393089,-1.3533079699633845,-0.2873663850423992,-0.8822535959215926,-0.9149516909849693,-1.4472474142598908,0.4042866872145292,-0.9083704808213932,-0.5562063995607985
0.058939926485455214,-0.9725822763822076,-1.1257232990981059,0.683310961824539,0.5904269656358178,-0.2873663850423992,0.4546999302057439,0.10338437186270837,0.44088331825135757,0.4042866872145292,0.5954025000341907,-0.5562063995607985
-0.31816317636630914,-0.018299081082945957,-0.08821457431529006,0.683310961824539,-0.8061583884789132,-0.2873663850423992,1.7916534563330804,1.121720434710386,0.44088331825135757,-0.8401582718676937,-0.15648399039360125,1.1558664240872845
0.0933082628995225,-0.21118610992003073,-0.08821457431529006,1.448153345230415,-0.3369367980105514,-0.2873663850423992,1.7916534563330804,1.121720434710386,1.3849486845069818,-0.8401582718676937,0.5954025000341907,1.1558664240872845
-0.31816317636630914,-0.018299081082945957,-0.08821457431529006,0.683310961824539,-0.813682470370124,-0.2873663850423992,1.7916534563330804,1.121720434710386,0.44088331825135757,-0.8401582718676937,-0.15648399039360125,1.1558664240872845
-0.5405848157658745,-0.26791758898976165,0.17116260688041388,0.683310961824539,-1.072023062338123,-0.2873663850423992,1.7916534563330804,1.121720434710386,-0.5031820480042667,0.4042866872145292,-0.15648399039360125,1.1558664240872845
-0.013901088312839281,-0.3369819982920429,-0.08821457431529006,1.448153345230415,-0.30187953733062467,-0.2873663850423992,1.7916534563330804,1.121720434710386,1.3849486845069818,-0.8401582718676937,0.5954025000341907,1.1558664240872845
0.3072097016631328,0.22719350107334366,0.6899169692718218,0.683310961824539,-0.8130623537307383,-0.2873663850423992,1.7916534563330804,1.121720434710386,0.44088331825135757,-0.8401582718676937,-0.15648399039360125,1.1558664240872845
-0.15407547160415347,-0.16042636548921899,-0.08821457431529006,0.683310961824539,-0.5536055518118452,-0.2873663850423992,1.7916534563330804,1.121720434710386,0.44088331825135757,-0.8401582718676937,-0.15648399039360125,1.1558664240872845
0.010549688019229253,-0.16042636548921899,-0.08821457431529006,0.683310961824539,-0.40072612964867316,-0.2873663850423992,1.7916534563330804,1.121720434710386,0.44088331825135757,-0.8401582718676937,-0.15648399039360125,1.1558664240872845
-0.4007667275074659,-0.3183455703850779,-0.08821457431529006,0.683310961824539,-0.7644038680936227,-0.2873663850423992,1.7916534563330804,1.121720434710386,0.44088331825135757,-0.8401582718676937,-0.15648399039360125,1.1558664240872845
-1.0589662679904208,0.30812512156442823,-0.08821457431529006,-0.08153142158133703,-1.4729491402554944,-0.2873663850423992,1.7916534563330804,1.121720434710386,-0.5031820480042667,-0.8401582718676937,-0.9083704808213932,1.1558664240872845
-1.2484355552620263,-1.1756212541054547,-0.347591755510994,-0.08153142158133703,-0.42912747173252913,-0.2873663850423992,-0.8822535959215926,-0.9149516909849693,0.44088331825135757,0.4042866872145292,0.5954025000341907,-0.5562063995607985
-1.1153510403585118,1.7176841784508174,-1.3851004802938098,-0.08153142158133703,0.7796038817576884,3.3261130524056415,-0.8822535959215926,2.1400564975580636,-1.4472474142598908,-0.8401582718676937,-1.660256971249185,-0.5562063995607985
-0.5731897922183415,-0.8082173896538648,-0.347591755510994,-0.846373804987213,0.22001062637621285,-0.2873663850423992,-0.8822535959215926,-0.9149516909849693,0.44088331825135757,-0.8401582718676937,-0.15648399039360125,-0.5562063995607985
-0.9198683921094698,-1.1756212541054547,-0.347591755510994,-0.846373804987213,0.2228631629173854,-0.2873663850423992,-0.8822535959215926,-0.9149516909849693,0.44088331825135757,-0.8401582718676937,-0.15648399039360125,-0.5562063995607985
-1.3800233788973058,-0.918438548989342,-0.6069689367066979,-0.08153142158133703,-0.8081841028342394,0.9171267607736144,-0.8822535959215926,0.10338437186270837,0.44088331825135757,-0.8401582718676937,-0.15648399039360125,-0.5562063995607985
-2.5648641499342055,-1.1756212541054547,-1.1257232990981059,-1.611216188393089,-1.040562478166632,-0.2873663850423992,-0.8822535959215926,-0.9149516909849693,-0.5031820480042667,-0.8401582718676937,-0.9083704808213932,-0.5562063995607985
-1.874133716837108,-0.6934036820127427,-1.1257232990981059,-0.846373804987213,-0.5355394870510811,-0.2873663850423992,-0.8822535959215926,-0.9149516909849693,-1.4472474142598908,1.648731646296752,-0.15648399039360125,-0.5562063995607985
-1.1153510403585118,1.5247971496137325,-1.3851004802938098,-0.08153142158133703,0.4951770498262056,2.121619906589628,-0.8822535959215926,1.121720434710386,-0.5031820480042667,-0.8401582718676937,-0.9083704808213932,-0.5562063995607985
-1.2469388639937913,1.5247971496137325,-1.6444776614895138,-0.08153142158133703,0.9199982889145657,2.121619906589628,-0.8822535959215926,1.121720434710386,-0.5031820480042667,-0.8401582718676937,-0.9083704808213932,-0.5562063995607985
-0.5243404319979084,-1.1756212541054547,0.43053978807611787,-0.08153142158133703,-0.0454819774993673,-0.2873663850423992,-0.8822535959215926,-0.9149516909849693,1.3849486845069818,-0.8401582718676937,0.5954025000341907,-0.5562063995607985
-1.1153510403585118,1.7176841784508174,-1.3851004802938098,-0.08153142158133703,0.7796038817576884,3.3261130524056415,-0.8822535959215926,2.1400564975580636,-1.4472474142598908,-0.8401582718676937,-1.660256971249185,-0.5562063995607985
1.6336426779920477,1.4765753924044613,1.4680485128589338,-1.611216188393089,-0.5149516146234815,-0.2873663850423992,0.4546999302057439,0.10338437186270837,-1.4472474142598908,-0.8401582718676937,-1.660256971249185,1.1558664240872845
1.1804378032480998,0.6246576817073368,1.2086713316632298,-0.08153142158133703,-0.713215306567813,-0.2873663850423992,0.4546999302057439,0.10338437186270837,-0.5031820480042667,0.4042866872145292,-0.15648399039360125,1.1558664240872845
-1.1903749025237456,-0.7469834122452663,-0.8663461179024019,-0.08153142158133703,0.2916134276705919,-0.2873663850423992,-0.8822535959215926,-0.9149516909849693,0.44088331825135757,0.4042866872145292,0.5954025000341907,-0.5562063995607985
0.9656762817710935,2.103458236124987,1.7274256940546375,-0.846373804987213,-2.0234473515926457,-0.2873663850423992,1.7916534563330804,1.121720434710386,-1.4472474142598908,-0.8401582718676937,-1.660256971249185,2.8679392477353676
0.5300230946909439,0.6760942227305593,0.43053978807611787,-0.846373804987213,0.037117558866782065,-0.2873663850423992,-0.8822535959215926,-0.9149516909849693,-0.5031820480042667,0.4042866872145292,-0.15648399039360125,-0.5562063995607985
0.6453277982527441,0.7532490342653934,0.43053978807611787,-0.846373804987213,0.19838922621630464,-0.2873663850423992,-0.8822535959215926,-0.9149516909849693,-0.5031820480042667,0.4042866872145292,-0.15648399039360125,-0.5562063995607985
0.7525707170687457,1.1983729469663584,0.17116260688041388,-1.611216188393089,0.4349430535872271,-0.2873663850423992,-0.8822535959215926,-0.9149516909849693,-0.5031820480042667,-0.8401582718676937,-0.9083704808213932,-0.5562063995607985
0.8838592024503779,0.9847134688698953,0.6899169692718218,-1.611216188393089,-0.1534236138617358,-0.2873663850423992,-0.8822535959215926,-0.9149516909849693,-0.5031820480042667,-0.8401582718676937,-0.9083704808213932,-0.5562063995607985
0.2995875157881188,1.9105712072879024,0.9492941504675257,-0.846373804987213,-1.4714195192116752,-0.2873663850423992,1.7916534563330804,1.121720434710386,-1.4472474142598908,-0.8401582718676937,-1.660256971249185,2.8679392477353676
0.9414945339567751,0.42068519144283306,0.43053978807611787,-0.08153142158133703,0.513863231226355,-0.2873663850423992,-0.8822535959215926,-0.9149516909849693,0.44088331825135757,0.4042866872145292,0.5954025000341907,-0.5562063995607985
1.558326626939445,0.49606632914928006,0.9492941504675257,-0.08153142158133703,0.451314132867004,-0.2873663850423992,-0.8822535959215926,-0.9149516909849693,-0.5031820480042667,1.648731646296752,0.5954025000341907,-0.5562063995607985
0.6110783586657805,-1.1756212541054547,0.17116260688041388,1.448153345230415,1.0378617915071027,-0.2873663850423992,0.4546999302057439,0.10338437186270837,1.3849486845069818,0.4042866872145292,1.3472889904619825,-0.5562063995607985
1.5257201427679425,0.6048743966984049,2.7649344188374534,-1.611216188393089,-3.488080171602613,-0.2873663850423992,-0.8822535959215926,-0.9149516909849693,-0.5031820480042667,-0.8401582718676937,-0.9083704808213932,-0.5562063995607985
1.550789707072752,1.1983729469663584,2.7649344188374534,-1.611216188393089,-2.9579631271465963,-0.2873663850423992,-0.8822535959215926,-0.9149516909849693,-1.4472474142598908,0.4042866872145292,-0.9083704808213932,-0.5562063995607985
0.5449022421126127,-1.0078934029427724,0.17116260688041388,0.683310961824539,0.8369440003462001,-0.2873663850423992,0.4546999302057439,0.10338437186270837,0.44088331825135757,0.4042866872145292,0.5954025000341907,-0.5562063995607985
0.10088467416527319,-1.0078934029427724,0.17116260688041388,0.683310961824539,0.6127098235444035,-0.2873663850423992,0.4546999302057439,0.10338437186270837,0.44088331825135757,0.4042866872145292,0.5954025000341907,-0.5562063995607985
-0.030211942163411703,-1.1756212541054547,-0.347591755510994,1.448153345230415,0.8925064512351414,-0.2873663850423992,0.4546999302057439,0.10338437186270837,1.3849486845069818,0.4042866872145292,1.3472889904619825,-0.5562063995607985
0.11779391381903528,-1.1756212541054547,-0.347591755510994,1.448153345230415,0.9500119342608238,-0.2873663850423992,0.4546999302057439,0.10338437186270837,1.3849486845069818,0.4042866872145292,1.3472889904619825,-0.5562063995607985
-0.3921098346686467,-1.1756212541054547,-0.8663461179024019,1.448153345230415,1.0172739190795044,-0.2873663850423992,0.4546999302057439,0.10338437186270837,1.3849486845069818,0.4042866872145292,1.3472889904619825,-0.5562063995607985
-0.26101321833996316,-1.000269409708105,-0.347591755510994,0.683310961824539,0.737477291388766,-0.2873663850423992,0.4546999302057439,0.10338437186270837,0.44088331825135757,0.4042866872145292,0.5954025000341907,-0.5562063995607985
-0.6557103302257221,-1.1756212541054547,-0.347591755510994,0.683310961824539,0.2033501593313892,-0.2873663850423992,0.4546999302057439,0.10338437186270837,0.44088331825135757,0.4042866872145292,0.5954025000341907,-0.5562063995607985
-0.54040562666392,-1.000269409708105,-0.347591755510994,0.683310961824539,0.46735448327244267,-0.2873663850423992,0.4546999302057439,0.10338437186270837,0.44088331825135757,0.4042866872145292,0.5954025000341907,-0.5562063995607985
1.3774243507726693,1.1039527230600932,3.2836887812288613,-2.376058571798965,-4.058380774290813,-0.2873663850423992,-0.8822535959215926,-0.9149516909849693,-1.4472474142598908,-0.8401582718676937,-1.660256971249185,-0.5562063995607985
0.3971863221429926,-1.1756212541054547,-0.347591755510994,1.448153345230415,1.2201347423771471,-0.2873663850423992,0.4546999302057439,0.10338437186270837,1.3849486845069818,0.4042866872145292,1.3472889904619825,-0.5562063995607985
0.26550983378865545,-1.0078934029427724,0.17116260688041388,0.683310961824539,0.5668211922298764,-0.2873663850423992,0.4546999302057439,0.10338437186270837,0.44088331825135757,0.4042866872145292,0.5954025000341907,-0.5562063995607985
0.21668058503366885,-1.0378448049361086,-0.08821457431529006,1.448153345230415,0.896061786634285,-0.2873663850423992,0.4546999302057439,0.10338437186270837,1.3849486845069818,0.4042866872145292,1.3472889904619825,-0.5562063995607985
1.7641255639873374,0.5389301133352989,3.0243116000331574,-1.611216188393089,-3.040893392387082,-0.2873663850423992,-0.8822535959215926,-0.9149516909849693,-0.5031820480042667,-0.8401582718676937,-0.9083704808213932,-0.5562063995607985
0.11763889007989832,-1.0148820634078843,-0.347591755510994,0.683310961824539,0.7430996822525281,-0.2873663850423992,0.4546999302057439,0.10338437186270837,1.3849486845069818,-0.8401582718676937,0.5954025000341907,-0.5562063995607985
-0.014486388416607668,-1.1756212541054547,-0.6069689367066979,0.683310961824539,0.9118540903839694,-0.2873663850423992,0.4546999302057439,0.10338437186270837,1.3849486845069818,-0.8401582718676937,0.5954025000341907,-0.5562063995607985
-1.1153510403585118,1.5247971496137325,-1.3851004802938098,-0.08153142158133703,0.49451559207752777,2.121619906589628,-0.8822535959215926,1.121720434710386,-0.5031820480042667,-0.8401582718676937,-0.9083704808213932,-0.5562063995607985
-1.1319334986856369,1.331910120776648,-1.3851004802938098,-0.08153142158133703,0.5805877816242354,2.121619906589628,-0.8822535959215926,1.121720434710386,-0.5031820480042667,-0.8401582718676937,-0.9083704808213932,-0.5562063995607985
-0.7697362679267538,1.4546564118547924,-1.1257232990981059,-0.08153142158133703,0.5860034669415356,2.121619906589628,-0.8822535959215926,1.121720434710386,-0.5031820480042667,-0.8401582718676937,-0.9083704808213932,-0.5562063995607985
-1.082186123704262,1.9105712072879024,-1.3851004802938098,-0.846373804987213,0.47789646614199693,2.121619906589628,-0.8822535959215926,1.121720434710386,-1.4472474142598908,-0.8401582718676937,-1.660256971249185,-0.5562063995607985
0.9008535258711952,1.2533265164356133,1.2086713316632298,-0.846373804987213,-0.7944919274366057,-0.2873663850423992,0.4546999302057439,0.10338437186270837,-1.4472474142598908,0.4042866872145292,-0.9083704808213932,1.1558664240872845
-1.0166287951238353,1.3962057970556758,-1.3851004802938098,-0.08153142158133703,0.6915886600742399,2.121619906589628,-0.8822535959215926,1.121720434710386,-0.5031820480042667,-0.8401582718676937,-0.9083704808213932,-0.5562063995607985
-1.5116112025325856,-1.1756212541054547,-0.8663461179024019,-0.08153142158133703,-0.18571102021907418,-0.2873663850423992,-0.8822535959215926,-0.9149516909849693,0.44088331825135757,0.4042866872145292,0.5954025000341907,-0.5562063995607985
-0.853480104240715,-0.3489625590893774,-0.347591755510994,-0.08153142158133703,0.29699604010045805,-0.2873663850423992,-0.8822535959215926,-0.9149516909849693,-1.4472474142598908,2.893176605378975,0.5954025000341907,-0.5562063995607985
1.2371440059996912,-0.07340966075068449,1.2086713316632298,-0.846373804987213,0.2862804245718765,-0.2873663850423992,-0.8822535959215926,-0.9149516909849693,0.44088331825135757,-0.8401582718676937,-0.15648399039360125,-0.5562063995607985
1.575354517963901,0.9399139008819268,1.2086713316632298,-0.08153142158133703,-0.160782331315777,-0.2873663850423992,0.4546999302057439,0.10338437186270837,-0.5031820480042667,0.4042866872145292,-0.15648399039360125,1.1558664240872845
1.4601757973803369,1.0288019326040858,1.2086713316632298,-1.611216188393089,-0.6059433961759801,-0.2873663850423992,-0.8822535959215926,-0.9149516909849693,-0.5031820480042667,-0.8401582718676937,-0.9083704808213932,-0.5562063995607985
0.06058877894260428,-0.867002007966119,0.17116260688041388,-0.08153142158133703,0.004210035870058542,-0.2873663850423992,-0.8822535959215926,-0.9149516909849693,1.3849486845069818,-0.8401582718676937,0.5954025000341907,-0.5562063995607985
1.4519880296562995,1.2188384142169775,0.9492941504675257,-0.846373804987213,-0.2467718386438995,-0.2873663850423992,0.4546999302057439,0.10338437186270837,-0.5031820480042667,-0.8401582718676937,-0.9083704808213932,1.1558664240872845
1.7318716452868517,0.6947984194662765,0.6899169692718218,-0.846373804987213,0.4972854464001161,-0.2873663850423992,-0.8822535959215926,-0.9149516909849693,0.44088331825135757,-0.8401582718676937,-0.15648399039360125,-0.5562063995607985
1.4603491526557466,0.9399139008819268,0.9492941504675257,-0.846373804987213,0.25659750809995746,-0.2873663850423992,-0.8822535959215926,-0.9149516909849693,-0.5031820480042667,0.4042866872145292,-0.15648399039360125,-0.5562063995607985
-0.18680286002089586,-1.000269409708105,-0.6069689367066979,1.448153345230415,0.867371056785382,-0.2873663850423992,-0.8822535959215926,-0.9149516909849693,1.3849486845069818,1.648731646296752,2.0991754808897745,-0.5562063995607985
0.3656233717241473,0.39605083271523617,0.17116260688041388,-0.08153142158133703,0.23295866180658212,-0.2873663850423992,0.4546999302057439,0.10338437186270837,0.44088331825135757,-0.8401582718676937,-0.15648399039360125,-0.5562063995607985
0.4717349346627964,0.43177065287025207,0.17116260688041388,2.212995728636291,0.2629226978216895,0.9171267607736144,0.4546999302057439,1.121720434710386,-1.4472474142598908,4.137621564461198,1.3472889904619825,1.1558664240872845
0.1192371056597622,1.4848894884750254,-0.8663461179024019,1.448153345230415,1.3739732782759029,4.530606198221655,-0.8822535959215926,3.1583925604057415,-0.5031820480042667,-0.8401582718676937,-0.9083704808213932,-0.5562063995607985
0.39783659454836956,0.5016572575213694,0.6899169692718218,0.683310961824539,-0.1453869022152996,-0.2873663850423992,1.7916534563330804,1.121720434710386,-0.5031820480042667,0.4042866872145292,-0.15648399039360125,1.1558664240872845
-1.0677527122217525,-1.1756212541054547,0.17116260688041388,-0.846373804987213,-0.40705131937040556,-0.2873663850423992,-0.8822535959215926,-0.9149516909849693,0.44088331825135757,-0.8401582718676937,-0.15648399039360125,-0.5562063995607985
0.6606276375569604,-0.05044691922245998,-0.08821457431529006,0.683310961824539,0.5263482462326504,-0.2873663850423992,0.4546999302057439,0.10338437186270837,0.44088331825135757,0.4042866872145292,0.5954025000341907,-0.5562063995607985
1.1472830848643019,2.039162559845959,1.7274256940546375,-0.846373804987213,-1.2067537375219441,-0.2873663850423992,1.7916534563330804,1.121720434710386,-1.4472474142598908,-0.8401582718676937,-1.660256971249185,2.8679392477353676
1.7064793733952075,1.3962057970556758,1.7274256940546375,-0.08153142158133703,-1.3566565998160651,-0.2873663850423992,1.7916534563330804,1.121720434710386,-0.5031820480042667,-0.8401582718676937,-0.9083704808213932,2.8679392477353676
0.9166736777406985,1.9807119450468422,1.7274256940546375,-0.846373804987213,-1.5286356144723106,-0.2873663850423992,1.7916534563330804,1.121720434710386,-1.4472474142598908,-0.8401582718676937,-1.660256971249185,2.8679392477353676
0.7118037260049289,1.9402461348012998,0.9492941504675257,-0.846373804987213,-0.3321825704419293,-0.2873663850423992,1.7916534563330804,1.121720434710386,-1.4472474142598908,-0.8401582718676937,-1.660256971249185,2.8679392477353676
0.27472182545818463,-0.11141695707326295,-1.3851004802938098,1.448153345230415,1.9255794313420926,0.9171267607736144,0.4546999302057439,1.121720434710386,0.44088331825135757,0.4042866872145292,0.5954025000341907,-0.5562063995607985
-1.3556188501198698,-1.1756212541054547,-0.8663461179024019,-0.08153142158133703,0.15708945803323043,-0.2873663850423992,-0.8822535959215926,-0.9149516909849693,-0.5031820480042667,1.648731646296752,0.5954025000341907,-0.5562063995607985
-0.3024064288909744,-0.3489625590893774,0.43053978807611787,-0.08153142158133703,0.12563714208359783,-0.2873663850423992,-0.8822535959215926,-0.9149516909849693,-1.4472474142598908,2.893176605378975,0.5954025000341907,-0.5562063995607985
1.8718205919215778,0.6981384545976548,0.9492941504675257,-0.08153142158133703,0.73334318045953,-0.2873663850423992,-0.8822535959215926,-0.9149516909849693,0.44088331825135757,0.4042866872145292,0.5954025000341907,-0.5562063995607985
2.1520040187511476,1.3205638249627016,1.2086713316632298,-1.611216188393089,0.28838882114578784,-0.2873663850423992,-0.8822535959215926,-0.9149516909849693,-0.5031820480042667,-0.8401582718676937,-0.9083704808213932,-0.5562063995607985
1.5675920714717473,1.3132436341149942,0.6899169692718218,-1.611216188393089,0.4931513354708796,-0.2873663850423992,-0.8822535959215926,-0.9149516909849693,-0.5031820480042667,-0.8401582718676937,-0.9083704808213932,-0.5562063995607985
1.0403906074122304,1.2533265164356133,0.9492941504675257,-0.08153142158133703,-0.8046287674350946,-0.2873663850423992,1.7916534563330804,1.121720434710386,-0.5031820480042667,-0.8401582718676937,-0.9083704808213932,2.8679392477353676
0.48119431888132613,1.8784233691483878,0.9492941504675257,-0.846373804987213,-0.6547259051409736,-0.2873663850423992,1.7916534563330804,1.121720434710386,-1.4472474142598908,-0.8401582718676937,-1.660256971249185,2.8679392477353676
1.377892491987904,2.088620772368288,1.7274256940546375,-0.846373804987213,-0.8842104028228996,-0.2873663850423992,1.7916534563330804,1.121720434710386,-1.4472474142598908,-0.8401582718676937,-1.660256971249185,2.8679392477353676
0.25058491175772285,1.8053601006494921,0.9492941504675257,-0.846373804987213,-0.97660778209134,-0.2873663850423992,1.7916534563330804,1.121720434710386,-1.4472474142598908,-0.8401582718676937,-1.660256971249185,2.8679392477353676
